date,gwl,pr,tm
1968-07-14,3.2,11.023824,16.794464
1968-07-21,3.19,0.80020213,14.949683
1968-07-28,3.22,0.0,15.276594
1968-08-04,3.2,0.0,18.337181
1968-08-11,3.16,0.047860567,15.560719
1968-08-18,3.17,1.5896066,12.989404
1968-08-25,3.17,2.832938,19.876104
1968-09-01,3.31,2.833876,16.272377
1968-09-08,3.34,0.0,15.915996
1968-09-15,3.35,33.285503,13.848545
1968-09-22,3.62,13.847133,12.642499
1968-09-29,3.62,0.93932545,12.675804
1968-10-06,3.57,5.5541024,13.95261
1968-10-13,3.72,0.050100807,13.500372
1968-10-20,3.66,0.0019820505,6.9773397
1968-10-27,3.45,0.0019820505,8.6362505
1968-11-03,3.35,6.129306,12.128521
1968-11-10,3.38,0.08589996,3.0190876
1968-11-17,3.3,0.67472225,2.856261
1968-11-24,3.3,2.5863829,8.0890045
1968-12-01,3.26,0.0074504595,2.8344998
1968-12-08,3.24,0.0,0.2909018
1968-12-15,3.19,0.030035876,-2.0676813
1968-12-22,3.16,6.411398,3.4981227
1968-12-29,3.22,0.010116194,-4.560225
1969-01-05,3.41,0.01979909,-0.86301166
1969-01-12,3.22,0.97818196,2.251348
1969-01-19,3.18,6.9676704,4.5095773
1969-01-26,3.35,0.02565526,6.231909
1969-02-02,3.41,6.279907,2.535403
1969-02-09,3.29,2.214942,-0.32182407
1969-02-16,3.21,7.236674,-3.519501
1969-02-23,3.51,0.0,1.8986522
1969-03-02,3.44,0.0,-0.059264466
1969-03-09,3.27,0.028817495,2.3784294
1969-03-16,3.22,1.1677504,-3.472458
1969-03-23,3.24,0.93100613,1.2330923
1969-03-30,3.21,7.305966,5.6284995
1969-04-06,3.25,0.0,9.050157
1969-04-13,3.37,2.3277047,3.7169046
1969-04-20,3.38,0.08396814,3.344571
1969-04-27,3.27,0.0061323075,10.743225
1969-05-04,3.22,9.839537,13.408195
1969-05-11,3.2,0.1013817,15.75002
1969-05-18,3.14,0.5564673,8.375898
1969-05-25,3.15,2.3643377,16.861454
1969-06-01,3.22,0.22265294,10.824733
1969-06-08,3.22,0.0,14.576425
1969-06-15,3.16,5.771434,18.505299
1969-06-22,3.28,1.6407869,15.794844
1969-06-29,3.27,10.1986885,13.1803875
1969-07-06,3.15,8.725776,16.162365
1969-07-13,3.2,0.027608545,15.936665
1969-07-20,3.26,0.042448927,18.163933
1969-07-27,3.32,1.9668742,22.209492
1969-08-03,3.29,5.692944,20.755733
1969-08-10,3.25,0.0,19.131163
1969-08-17,3.19,3.1256752,17.717741
1969-08-24,3.2,3.3448777,14.874712
1969-08-31,3.24,0.21630558,15.090498
1969-09-07,3.27,0.0,13.923766
1969-09-14,3.17,0.0,18.477976
1969-09-21,3.12,1.6909308,14.741643
1969-09-28,3.08,0.29769504,8.578261
1969-10-05,3.07,0.005674172,12.312553
1969-10-12,3.07,0.004655491,12.150157
1969-10-19,3.08,0.030257603,8.186273
1969-10-26,3.07,0.022418806,10.797768
1969-11-02,3.37,0.29932415,12.717896
1969-11-09,3.38,8.238067,7.134312
1969-11-16,3.3,1.0800681,6.571046
1969-11-23,3.27,0.047649324,6.500044
1969-11-30,3.26,0.0,-2.3691123
1969-12-07,3.23,0.0033698706,-3.0962527
1969-12-14,3.21,0.5521309,-0.9599413
1969-12-21,3.16,0.35889664,-11.91103
1969-12-28,3.24,0.0,-7.2736917
1970-01-04,3.11,0.008114368,-4.1508093
1970-01-11,3.14,0.008216591,2.4372678
1970-01-18,3.13,0.0,-5.2622075
1970-01-25,3.16,2.4851604,2.4908705
1970-02-01,3.24,0.0,-7.6119537
1970-02-08,3.31,3.7202845,2.5924733
1970-02-15,3.19,0.75934535,-6.503307
1970-02-22,3.41,18.818457,4.2681527
1970-03-01,3.46,6.930707,0.7139734
1970-03-08,3.3,2.795099,-2.0629268
1970-03-15,3.22,0.46799633,0.19870141
1970-03-22,3.37,0.072537385,5.663118
1970-03-29,3.26,0.6104565,2.49022
1970-04-05,3.34,6.3659234,0.788451
1970-04-12,3.36,0.017371692,4.3918552
1970-04-19,3.35,1.749296,8.523085
1970-04-26,3.46,1.1233592,7.9713516
1970-05-03,3.39,0.079352096,9.893649
1970-05-10,3.23,0.0,17.037947
1970-05-17,3.17,0.0,13.777857
1970-05-24,3.14,0.038654454,12.575651
1970-05-31,3.13,2.4154344,11.58155
1970-06-07,3.23,0.0,20.708572
1970-06-14,3.19,0.0,11.945581
1970-06-21,3.15,0.0,21.432018
1970-06-28,3.12,5.096921,18.043406
1970-07-05,3.14,0.068971105,16.199877
1970-07-12,3.13,0.0,17.2996
1970-07-19,3.13,5.275157,14.766505
1970-07-26,3.2,6.5807343,13.061098
1970-08-02,3.26,0.0,21.242197
1970-08-09,3.26,0.022576867,16.90813
1970-08-16,3.24,7.927391,16.830696
1970-08-23,3.25,0.0017101095,16.923246
1970-08-30,3.24,0.0,17.512327
1970-09-06,3.17,3.1970596,12.7966
1970-09-13,3.04,7.756278,11.571684
1970-09-20,3.1,0.0027600373,16.016218
1970-09-27,3.07,0.0,9.6006155
1970-10-04,3.13,5.4491405,10.705059
1970-10-11,3.18,0.013928648,13.016864
1970-10-18,3.14,0.8250087,9.995724
1970-10-25,3.13,8.038747,11.045959
1970-11-01,3.13,1.5532556,11.696422
1970-11-08,3.24,1.8421693,2.1637082
1970-11-15,3.31,1.8448219,4.519572
1970-11-22,3.17,0.022955991,3.4133816
1970-11-29,3.14,3.0185895,7.9333997
1970-12-06,3.2,2.4991548,6.1554356
1970-12-13,3.14,0.20639439,5.521433
1970-12-20,3.11,2.624053,5.228216
1970-12-27,3.11,0.008635472,-4.346688
1971-01-03,3.13,0.00022380726,-10.427914
1971-01-10,3.16,0.0,0.7681811
1971-01-17,3.13,0.11247572,2.3244143
1971-01-24,3.19,0.68482673,5.8978715
1971-01-31,3.26,0.0,5.892275
1971-02-07,3.17,1.0147101,4.8103876
1971-02-14,3.14,0.10183635,3.4623408
1971-02-21,3.11,2.6467905,5.1884174
1971-02-28,3.1,0.0869703,-2.5520136
1971-03-07,3.09,0.15109204,-2.3394845
1971-03-14,3.11,0.024833798,6.2068157
1971-03-21,3.1,0.09273291,6.800896
1971-03-28,3.1,0.098510176,1.2908034
1971-04-04,3.1,0.42709863,9.2562275
1971-04-11,3.08,0.0,5.320562
1971-04-18,3.07,0.010127436,8.580463
1971-04-25,3.07,0.00990056,4.2992034
1971-05-02,3.06,0.0002017228,8.321727
1971-05-09,3.04,5.4438605,15.911645
1971-05-16,3.03,6.460297,16.338469
1971-05-23,3.0,0.0,14.786153
1971-05-30,2.97,0.0,15.575204
1971-06-06,2.96,0.0,16.909225
1971-06-13,2.99,2.1851666,12.643162
1971-06-20,3.02,6.543104,12.5616
1971-06-27,3.09,16.972921,12.774492
1971-07-04,3.22,0.0,19.717112
1971-07-11,3.14,0.0,19.208645
1971-07-18,3.07,0.0,12.696606
1971-07-25,3.01,3.997545,21.01723
1971-08-01,3.06,0.42675856,19.201866
1971-08-08,3.0,0.17376298,15.037894
1971-08-15,2.96,0.31104586,16.852661
1971-08-22,2.92,40.11174,17.924894
1971-08-29,2.98,1.9466108,17.92494
1971-09-05,3.0,0.14279164,13.067592
1971-09-12,2.98,0.121428065,13.987446
1971-09-19,2.97,0.25529182,12.586614
1971-09-26,3.0,0.043850258,9.446727
1971-10-03,3.05,0.07629155,11.86196
1971-10-10,3.05,0.0,13.688863
1971-10-17,3.07,1.4853671,5.794518
1971-10-24,3.1,0.0010993128,12.666607
1971-10-31,3.09,0.016451133,5.059584
1971-11-07,3.49,3.1745853,6.925125
1971-11-14,3.44,0.28538987,5.4576354
1971-11-21,3.35,9.459498,1.0954223
1971-11-28,3.25,1.8480325,4.285417
1971-12-05,3.27,0.13365908,7.9027276
1971-12-12,3.25,4.5178933,7.15464
1971-12-19,3.2,5.87029,6.5291734
1971-12-26,3.17,0.28290808,2.0000317
1972-01-02,3.33,0.00251369,0.08542768
1972-01-09,3.27,0.0,0.15428352
1972-01-16,3.23,0.0,-8.976881
1972-01-23,3.18,0.010205244,-1.4501641
1972-01-30,3.19,0.1139875,-10.165203
1972-02-06,3.18,0.9647506,2.3475716
1972-02-13,3.28,0.03838058,2.6174588
1972-02-20,3.24,0.16176438,2.5702739
1972-02-27,3.21,0.02014082,2.7009726
1972-03-05,3.2,1.5327916,3.7205281
1972-03-12,3.14,0.0,-0.66881156
1972-03-19,3.11,0.0,9.314998
1972-03-26,3.1,2.2485085,7.603352
1972-04-02,3.21,5.716169,9.6382065
1972-04-09,3.26,0.86878514,7.81529
1972-04-16,3.27,0.03674152,6.5607386
1972-04-23,3.22,0.0,6.8680463
1972-04-30,3.16,0.0,14.056698
1972-05-07,3.11,1.9105315,13.671974
1972-05-14,3.1,1.6520716,7.943862
1972-05-21,3.11,0.0,11.476593
1972-05-28,3.11,2.175641,10.931152
1972-06-04,3.14,0.0031562736,19.527641
1972-06-11,3.21,2.8177233,14.80721
1972-06-18,3.2,2.1224904,17.456297
1972-06-25,3.2,0.0,15.487664
1972-07-02,3.32,3.0526145,13.176658
1972-07-09,3.21,19.991142,18.80703
1972-07-16,3.14,0.0,20.098602
1972-07-23,3.1,2.9329593,19.132668
1972-07-30,3.09,1.6489843,17.455597
1972-08-06,3.07,0.0,19.118637
1972-08-13,3.09,0.6261151,21.379192
1972-08-20,3.08,0.9381944,13.433331
1972-08-27,3.08,0.0,14.982864
1972-09-03,3.08,0.052629605,13.984147
1972-09-10,3.07,16.990294,10.691966
1972-09-17,3.11,0.29465237,7.9136386
1972-09-24,3.13,0.0,9.41937
1972-10-01,3.1,0.0,6.7374616
1972-10-08,3.09,0.0,9.506315
1972-10-15,3.06,0.0,9.385376
1972-10-22,3.06,7.0356083,7.1869907
1972-10-29,3.07,0.0,7.2024436
1972-11-05,3.13,2.0519354,10.911277
1972-11-12,3.13,10.105114,4.8220534
1972-11-19,3.22,1.6237117,0.95249736
1972-11-26,3.32,0.00823674,0.91740924
1972-12-03,3.31,0.073157154,6.7402744
1972-12-10,3.32,4.241802,6.2672596
1972-12-17,3.35,0.00075561274,0.866725
1972-12-24,3.41,0.059118696,0.6640349
1972-12-31,3.34,0.0,-7.647149
1973-01-07,3.3,0.7690687,2.9152083
1973-01-14,3.31,1.4739211,1.242912
1973-01-21,3.27,0.47850895,2.432084
1973-01-28,3.29,0.5002462,3.39186
1973-02-04,3.25,0.02903014,-0.22898759
1973-02-11,3.24,1.2885019,2.8012505
1973-02-18,3.22,2.5748613,1.7367139
1973-02-25,3.26,0.6585739,-0.5516356
1973-03-04,3.27,1.8005646,7.160537
1973-03-11,3.27,0.044371508,4.026549
1973-03-18,3.22,0.052186746,5.3197756
1973-03-25,3.19,0.22240168,9.178322
1973-04-01,3.18,4.8410954,5.426502
1973-04-08,3.27,0.55941117,3.8763864
1973-04-15,3.27,0.62290937,6.890969
1973-04-22,3.28,0.968968,6.2391686
1973-04-29,3.22,1.7379261,6.7117085
1973-05-06,3.25,0.00792816,13.059745
1973-05-13,3.21,1.5629386,11.089245
1973-05-20,3.18,0.0015305843,14.36517
1973-05-27,3.15,0.0,14.956783
1973-06-03,3.14,0.09900016,14.493286
1973-06-10,3.13,0.58449835,12.833295
1973-06-17,3.1,4.5807133,18.00347
1973-06-24,3.04,0.0,19.343904
1973-07-01,2.98,0.0,22.221153
1973-07-08,2.92,0.018166287,15.18987
1973-07-15,2.88,9.047009,20.34544
1973-07-22,2.84,3.6113672,15.707768
1973-07-29,2.92,0.032700647,17.706892
1973-08-05,2.93,0.62109435,16.922846
1973-08-12,2.89,0.0,16.525635
1973-08-19,2.85,0.012152167,16.984993
1973-08-26,2.79,0.0,16.377396
1973-09-02,2.75,2.6339128,15.758504
1973-09-09,2.72,0.024742471,17.570435
1973-09-16,2.69,1.9793288,17.014053
1973-09-23,2.65,5.483027,10.242849
1973-09-30,2.65,1.3027043,9.958202
1973-10-07,2.64,0.13881503,12.028606
1973-10-14,2.67,0.7484459,6.0344853
1973-10-21,2.73,3.678977,6.853978
1973-10-28,2.86,0.0,7.0273747
1973-11-04,3.08,0.31734473,7.3819556
1973-11-11,3.13,2.5157235,7.0511966
1973-11-18,3.21,1.3553748,2.0307834
1973-11-25,3.26,3.119155,1.4558253
1973-12-02,3.2,1.5279763,-5.8031735
1973-12-09,3.14,0.012445738,-3.5793076
1973-12-16,3.12,4.817694,2.9339921
1973-12-23,3.14,1.3359118,4.43765
1973-12-30,3.11,0.023869237,2.4157774
1974-01-06,3.24,7.0185523,2.94798
1974-01-13,3.29,4.6185174,7.0901966
1974-01-20,3.43,0.0,6.9077773
1974-01-27,3.31,0.107943095,4.090523
1974-02-03,3.27,0.0,3.3134685
1974-02-10,3.29,0.26255104,9.520049
1974-02-17,3.24,0.0,5.2904925
1974-02-24,3.22,0.004655491,2.4993083
1974-03-03,3.2,0.0,2.5896165
1974-03-10,3.18,0.0,1.3885943
1974-03-17,3.19,2.1443758,7.818864
1974-03-24,3.26,0.013217653,8.314192
1974-03-31,3.2,0.0,7.4704304
1974-04-07,3.17,0.0,11.753506
1974-04-14,3.14,0.5247026,5.682461
1974-04-21,3.11,0.032700647,8.646265
1974-04-28,3.11,0.0,11.015246
1974-05-05,3.1,10.594209,4.3115225
1974-05-12,3.13,0.0,14.301052
1974-05-19,3.13,0.0,18.684566
1974-05-26,3.14,0.1776285,11.538492
1974-06-02,3.13,7.5715146,15.852668
1974-06-09,3.15,1.1893345,10.860468
1974-06-16,3.11,0.0023183015,18.846062
1974-06-23,3.07,0.0,18.332954
1974-06-30,3.03,5.0784526,16.146446
1974-07-07,3.07,0.15214512,13.136275
1974-07-14,3.07,4.2966824,14.224874
1974-07-21,3.08,0.0,15.251796
1974-07-28,3.05,0.71186507,16.044735
1974-08-04,3.01,5.1921387,17.325949
1974-08-11,2.99,2.2048519,14.202716
1974-08-18,2.99,0.0,15.667214
1974-08-25,2.95,0.0,17.126307
1974-09-01,2.81,0.48771593,16.33025
1974-09-08,2.73,0.9746832,13.499398
1974-09-15,2.72,0.0,18.07441
1974-09-22,2.7,2.2030573,10.140231
1974-09-29,2.68,0.76155627,8.791648
1974-10-06,2.69,1.7838197,8.379513
1974-10-13,2.72,1.0580829,5.412918
1974-10-20,2.74,0.47721794,5.6457973
1974-10-27,2.93,10.625696,7.0370097
1974-11-03,2.91,0.36287713,5.024186
1974-11-10,2.99,0.018973595,7.797338
1974-11-17,3.22,0.48801866,6.807319
1974-11-24,3.24,6.270204,6.189043
1974-12-01,3.23,1.8562548,7.99925
1974-12-08,3.44,2.8707795,9.728794
1974-12-15,3.51,1.7988772,4.1189322
1974-12-22,3.42,0.0,8.004652
1974-12-29,3.3,6.2638383,7.2030582
1975-01-05,3.32,0.88577724,8.608501
1975-01-12,3.29,0.27221954,8.662747
1975-01-19,3.17,0.11147843,3.8309374
1975-01-26,3.16,0.026311126,3.178841
1975-02-02,3.18,0.00053180545,7.9021955
1975-02-09,3.21,0.0,-1.041626
1975-02-16,3.2,0.0,-1.9525855
1975-02-23,3.2,0.0,2.0328925
1975-03-02,3.18,1.1619658,8.564861
1975-03-09,3.2,0.00053180545,8.75533
1975-03-16,3.2,0.38167018,2.1060028
1975-03-23,3.18,0.0,2.4094458
1975-03-30,3.24,0.40028647,1.6993018
1975-04-06,3.24,9.134822,2.525127
1975-04-13,3.23,3.923002,5.072773
1975-04-20,3.24,0.120974846,10.509364
1975-04-27,3.19,0.20045134,8.330699
1975-05-04,3.12,0.06271756,9.188433
1975-05-11,3.39,3.957999,12.143345
1975-05-18,3.34,1.3248572,15.637148
1975-05-25,3.2,0.0,11.724819
1975-06-01,3.17,1.2342688,7.744242
1975-06-08,3.19,0.0,16.61357
1975-06-15,3.18,3.6722608,11.983814
1975-06-22,3.18,0.05731718,22.469538
1975-06-29,3.19,1.4203818,13.590213
1975-07-06,3.16,0.0,19.202135
1975-07-13,3.2,1.1800623,18.826546
1975-07-20,3.21,3.6773555,18.040585
1975-07-27,3.23,0.0,16.644175
1975-08-03,3.19,0.0,19.82167
1975-08-10,3.18,0.0,26.654526
1975-08-17,3.18,0.020459263,16.462202
1975-08-24,3.17,0.4918847,14.046629
1975-08-31,3.15,5.479105,19.880709
1975-09-07,3.17,0.18292907,12.740664
1975-09-14,3.17,1.1400774,13.288105
1975-09-21,3.2,0.57718694,13.754836
1975-09-28,3.23,0.7421787,12.946021
1975-10-05,3.27,2.738978,13.45092
1975-10-12,3.27,0.006481781,3.3409293
1975-10-19,3.23,0.00022380726,9.726469
1975-10-26,3.22,0.18587083,4.64212
1975-11-02,3.25,0.93619454,7.6123343
1975-11-09,3.19,0.0,4.3564243
1975-11-16,3.16,8.151204,4.362826
1975-11-23,3.14,0.0,-1.3906767
1975-11-30,3.28,0.002298243,1.7914575
1975-12-07,3.42,0.76911235,6.1357384
1975-12-14,3.38,0.0,-3.8193643
1975-12-21,3.38,0.011882386,6.292518
1975-12-28,3.52,0.0,5.792733
1976-01-04,3.36,1.5576878,0.8765058
1976-01-11,3.37,0.72122574,8.743253
1976-01-18,3.35,0.7906205,4.9299164
1976-01-25,3.41,0.18468267,-4.046111
1976-02-01,3.22,0.0,-8.223402
1976-02-08,3.18,0.0,-0.25577348
1976-02-15,3.24,0.08959969,-0.96829915
1976-02-22,3.2,0.0,2.1655302
1976-02-29,3.19,6.3057194,7.8369465
1976-03-07,3.18,0.21415682,-2.1955767
1976-03-14,3.14,0.0,1.4162858
1976-03-21,3.13,0.0,-2.3128023
1976-03-28,3.16,0.0039644483,8.490231
1976-04-04,3.18,3.83701,3.6220446
1976-04-11,3.18,0.0,8.12636
1976-04-18,3.15,0.0,10.92976
1976-04-25,3.11,0.0,8.65564
1976-05-02,3.1,0.19995728,9.726088
1976-05-09,3.11,0.0,21.820202
1976-05-16,3.06,0.0,13.303665
1976-05-23,3.03,0.0,13.872257
1976-05-30,3.03,4.378382,12.147853
1976-06-06,3.09,0.0,17.648273
1976-06-13,3.05,0.0,15.31921
1976-06-20,3.02,9.395411,12.8086815
1976-06-27,3.01,0.0,25.834076
1976-07-04,2.93,0.0,24.259327
1976-07-11,2.84,0.0,18.802242
1976-07-18,2.78,0.55867213,19.57112
1976-07-25,2.76,0.84894323,16.912619
1976-08-01,2.68,4.797385,12.3011
1976-08-08,2.67,0.0,17.637255
1976-08-15,2.61,0.0,18.236698
1976-08-22,2.56,0.0,15.431095
1976-08-29,2.52,0.0,19.536505
1976-09-05,2.505,0.5307283,11.773884
1976-09-12,2.49,1.3175137,15.246541
1976-09-19,2.46,0.0,13.560507
1976-09-26,2.45,5.2396164,13.138984
1976-10-03,2.43,0.025423743,14.012436
1976-10-10,2.42,0.0042478982,15.222266
1976-10-17,2.42,3.400698,4.5244493
1976-10-24,2.42,0.0,9.148372
1976-10-31,2.42,0.011284624,4.1273794
1976-11-07,2.69,1.4602853,7.790342
1976-11-14,2.72,4.551242,6.6790032
1976-11-21,2.82,2.2160113,2.790518
1976-11-28,2.97,0.64342153,8.424575
1976-12-05,3.13,0.0,1.3686574
1976-12-12,3.19,0.00022380726,0.890367
1976-12-19,3.17,0.0,-1.2447636
1976-12-26,3.18,1.8484598,-1.5656945
1977-01-02,3.18,0.020276282,2.0421727
1977-01-09,3.21,3.679203,3.2769518
1977-01-16,3.24,0.57365966,0.91356385
1977-01-23,3.25,5.8141804,3.684119
1977-01-30,3.34,0.027868625,-1.3185345
1977-02-06,3.23,3.0530307,5.4621477
1977-02-13,3.33,0.9928748,5.253041
1977-02-20,3.3,3.9648328,6.4644003
1977-02-27,3.26,0.026634745,-1.4163235
1977-03-06,3.26,0.0,5.135504
1977-03-13,3.18,0.35957366,5.478243
1977-03-20,3.17,0.08882963,5.068005
1977-03-27,3.16,7.7284403,1.8261149
1977-04-03,3.2,12.63933,3.3374949
1977-04-10,3.34,0.82872254,1.3762782
1977-04-17,3.32,0.17668714,4.765713
1977-04-24,3.31,6.8851275,6.1093793
1977-05-01,3.29,0.016668016,8.079111
1977-05-08,3.24,3.4014773,9.208227
1977-05-15,3.27,0.0,9.211253
1977-05-22,3.23,0.0,13.722892
1977-05-29,3.15,0.0,11.629359
1977-06-05,3.1,3.5730896,11.601416
1977-06-12,3.07,0.0,18.354652
1977-06-19,3.06,0.0063187447,15.942369
1977-06-26,3.03,0.0,14.191392
1977-07-03,3.0,0.0,18.7851
1977-07-10,2.95,0.0,20.072578
1977-07-17,2.88,1.8478612,15.66689
1977-07-24,2.88,7.66345,14.050356
1977-07-31,2.91,0.28259456,15.580619
1977-08-07,2.89,2.6611943,19.06094
1977-08-14,2.93,2.2065082,16.98284
1977-08-21,2.98,4.3994455,14.217415
1977-08-28,3.0,0.010127436,13.642035
1977-09-04,2.99,0.0,12.108414
1977-09-11,2.98,0.8633444,16.225515
1977-09-18,2.96,0.0,7.8859034
1977-09-25,2.93,0.0,9.500111
1977-10-02,2.93,9.163239,7.7434964
1977-10-09,2.94,0.0039644483,14.258403
1977-10-16,2.92,0.05656361,5.507847
1977-10-23,2.91,5.5389614,13.202656
1977-10-30,2.94,0.0,8.437605
1977-11-06,2.95,1.2166525,9.487814
1977-11-13,2.97,5.814091,5.400237
1977-11-20,2.98,0.67917705,5.5124125
1977-11-27,3.03,0.00083797175,-1.816906
1977-12-04,3.1,0.0,-0.4375871
1977-12-11,3.09,7.2042475,2.7477086
1977-12-18,3.1,0.84000766,4.578352
1977-12-25,3.12,0.6727901,7.180505
1978-01-01,3.2,0.23083846,5.3732243
1978-01-08,3.21,0.0,-0.5483111
1978-01-15,3.17,0.0,0.3285844
1978-01-22,3.12,0.025251543,-1.3796989
1978-01-29,3.25,0.04029759,2.8436863
1978-02-05,3.16,0.0,0.053072374
1978-02-12,3.11,0.30957434,-1.1879531
1978-02-19,3.08,0.0036181936,-7.911949
1978-02-26,3.11,0.0010993128,8.8719
1978-03-05,3.1,0.045143664,3.452138
1978-03-12,3.1,5.0357075,7.1781073
1978-03-19,3.15,9.055663,1.8518361
1978-03-26,3.24,7.4204617,3.0501986
1978-04-02,3.31,0.0073228977,6.7112155
1978-04-09,3.18,0.0,7.2776423
1978-04-16,3.11,0.0065011317,4.7822175
1978-04-23,3.08,0.012241971,8.447992
1978-04-30,3.09,7.1167245,10.631954
1978-05-07,3.08,0.050116554,9.991725
1978-05-14,3.06,0.13884693,8.129772
1978-05-21,3.03,0.5539397,11.876171
1978-05-28,3.16,0.0,17.012949
1978-06-04,3.09,0.20652533,21.348557
1978-06-11,3.05,0.6701813,11.9207115
1978-06-18,3.04,0.0,14.442684
1978-06-25,3.0,10.983284,12.606655
1978-07-02,3.05,16.297298,14.757856
1978-07-09,3.25,8.894413,12.353848
1978-07-16,3.19,0.95949715,11.810106
1978-07-23,3.14,0.0,17.968618
1978-07-30,3.09,0.0,23.33981
1978-08-06,3.09,1.5528817,16.264618
1978-08-13,3.08,0.0012790464,15.782566
1978-08-20,3.05,0.0,18.03304
1978-08-27,3.03,2.5792496,11.967064
1978-09-03,3.03,2.461333,11.219283
1978-09-10,3.06,30.883474,16.97172
1978-09-17,3.2,0.16180894,13.038187
1978-09-24,3.23,0.09663442,15.552982
1978-10-01,3.3,0.1419279,9.538936
1978-10-08,3.31,0.0039644483,10.802464
1978-10-15,3.26,3.6341999,10.959245
1978-10-22,3.25,3.0484807,9.001804
1978-10-29,3.26,0.01274578,10.955604
1978-11-05,3.18,0.0036181936,8.983616
1978-11-12,3.16,0.031007389,0.047237836
1978-11-19,3.29,1.5568442,11.25539
1978-11-26,3.37,1.0356668,2.0358138
1978-12-03,3.31,0.0,3.0767832
1978-12-10,3.28,0.858454,6.998764
1978-12-17,3.25,0.0,-4.289788
1978-12-24,3.15,7.330006,-0.14789672
1978-12-31,3.19,2.131507,-15.286106
1979-01-07,3.17,4.546466,-2.0673609
1979-01-14,3.13,0.18435957,-0.572385
1979-01-21,3.1,0.020828977,-7.095996
1979-01-28,3.08,0.008485254,-6.172542
1979-02-04,3.12,0.2584573,0.008289044
1979-02-11,3.11,0.0,-3.924111
1979-02-18,3.1,0.028944522,-4.0002785
1979-02-25,3.19,0.059226565,-4.1637316
1979-03-04,3.6,2.494094,3.2305062
1979-03-11,3.54,7.4043217,3.4822187
1979-03-18,3.32,0.0,-0.72677326
1979-03-25,3.19,2.7883496,7.2702503
1979-04-01,3.25,0.76263,3.8956811
1979-04-08,3.18,0.0,5.5228996
1979-04-15,3.11,1.7911639,11.317153
1979-04-22,3.12,4.2800746,7.5081396
1979-04-29,3.16,8.369828,7.5872364
1979-05-06,3.25,7.4594803,3.7551227
1979-05-13,3.21,0.0,12.254269
1979-05-20,3.22,0.013001605,15.5940075
1979-05-27,3.29,3.1610224,12.483639
1979-06-03,3.15,1.5726976,22.67588
1979-06-10,3.08,0.001379708,11.878735
1979-06-17,3.04,0.0,13.038433
1979-06-24,3.04,1.1273812,18.050457
1979-07-01,2.99,1.3071561,11.496375
1979-07-08,2.96,6.475388,13.247343
1979-07-15,2.9,0.18643206,14.969059
1979-07-22,2.89,1.2735403,12.7184925
1979-07-29,2.98,12.062603,18.758934
1979-08-05,3.0,0.0,14.460743
1979-08-12,3.04,0.0,14.622526
1979-08-19,3.08,14.051937,18.436674
1979-08-26,3.05,0.7834842,12.964317
1979-09-02,3.01,11.169008,18.977163
1979-09-09,3.01,0.0025123935,15.65807
1979-09-16,2.99,0.0017101095,10.039262
1979-09-23,3.0,0.005633878,6.8956714
1979-09-30,3.0,0.0,7.593589
1979-10-07,2.97,0.0047420086,8.874051
1979-10-14,3.0,2.6966002,11.921023
1979-10-21,3.02,0.0,7.5413904
1979-10-28,3.02,0.008562722,2.6172988
1979-11-04,3.25,9.118647,9.005452
1979-11-11,3.17,0.25257564,3.644666
1979-11-18,3.08,0.054231353,2.4490302
1979-11-25,3.04,0.0,3.8892412
1979-12-02,3.06,0.0091814175,10.80975
1979-12-09,3.04,9.844954,8.940804
1979-12-16,3.06,2.5932066,4.869101
1979-12-23,3.07,0.6873477,1.7411395
1979-12-30,3.32,3.569163,1.144262
1980-01-06,3.19,5.859548,3.0402632
1980-01-13,3.14,0.0009933739,-8.657669
1980-01-20,3.09,0.0,-3.1191602
1980-01-27,3.03,0.0,-4.921327
1980-02-03,3.29,8.691898,0.59332716
1980-02-10,3.49,0.013892437,5.6737704
1980-02-17,3.33,0.03120201,3.072115
1980-02-24,3.14,0.0,0.65461147
1980-03-02,3.09,4.376707,2.1520905
1980-03-09,3.09,0.0,3.7104933
1980-03-16,3.07,0.0,3.0027657
1980-03-23,3.05,0.0,3.15553
1980-03-30,3.07,1.959983,5.2611837
1980-04-06,3.16,0.0,5.276471
1980-04-13,3.13,0.0,11.459323
1980-04-20,3.19,0.0017185856,2.9366674
1980-04-27,3.23,13.358638,7.929741
1980-05-04,3.26,0.0,5.675229
1980-05-11,3.22,0.0,12.596205
1980-05-18,3.18,0.0,15.862701
1980-05-25,3.16,0.3739258,9.408962
1980-06-01,3.15,0.0,12.220639
1980-06-08,3.08,0.019468524,15.050434
1980-06-15,3.02,0.27612844,16.336313
1980-06-22,2.96,2.1775699,12.106355
1980-06-29,2.93,17.191433,12.070063
1980-07-06,3.08,0.6752719,14.039689
1980-07-13,3.22,1.5479716,11.575812
1980-07-20,3.18,7.1194415,16.372715
1980-07-27,3.09,0.3600162,21.171068
1980-08-03,3.08,0.831562,22.999287
1980-08-10,3.07,0.0,14.381699
1980-08-17,3.06,0.0,17.83982
1980-08-24,3.34,2.8048594,11.417022
1980-08-31,3.17,0.8099824,13.469028
1980-09-07,3.09,0.0,17.154314
1980-09-14,3.14,5.3920302,13.661601
1980-09-21,3.17,0.00053180545,18.176413
1980-09-28,3.13,0.0,12.516646
1980-10-05,3.12,2.8121827,10.367926
1980-10-12,3.1,0.0,6.3522744
1980-10-19,3.08,3.3599844,6.5499177
1980-10-26,3.08,9.227554,6.62552
1980-11-02,3.04,0.0,-3.323434
1980-11-09,3.19,0.22476414,-0.5399681
1980-11-16,3.14,3.8057964,12.317547
1980-11-23,3.1,4.083605,12.4511
1980-11-30,3.08,0.0,-2.7560155
1980-12-07,3.09,0.0,-9.135566
1980-12-14,3.25,4.0315394,9.192576
1980-12-21,3.25,1.3571901,2.1461487
1980-12-28,3.19,1.3880311,1.3752582
1981-01-04,3.39,3.8247974,2.3037207
1981-01-11,3.32,0.0,-1.7139333
1981-01-18,3.26,2.1906154,-2.5625792
1981-01-25,3.25,2.3380198,1.8442769
1981-02-01,3.23,0.17852166,1.5085157
1981-02-08,3.28,0.6397879,6.915502
1981-02-15,3.23,0.0,-0.6402765
1981-02-22,3.19,0.019486053,-3.4363732
1981-03-01,3.14,2.82633,0.90941167
1981-03-08,3.18,7.3100834,11.301431
1981-03-15,3.57,2.0809453,5.822923
1981-03-22,3.32,0.70306516,9.028369
1981-03-29,3.33,0.0,8.906707
1981-04-05,3.15,0.049259037,5.7480106
1981-04-12,3.13,2.4511797,15.621769
1981-04-19,3.11,2.2048528,4.6565537
1981-04-26,3.08,0.0,10.1486225
1981-05-03,3.06,0.843467,4.760046
1981-05-10,3.08,0.0,21.002438
1981-05-17,3.07,3.9825041,11.0027485
1981-05-24,3.09,8.110328,11.5550995
1981-05-31,3.12,14.443913,19.268236
1981-06-07,3.11,0.04173248,15.892183
1981-06-14,3.07,0.5938023,16.238482
1981-06-21,3.06,7.8448815,11.953301
1981-06-28,3.06,16.881413,16.810814
1981-07-05,3.19,0.006599407,18.151424
1981-07-12,3.1,0.03324198,16.682558
1981-07-19,3.08,0.3274237,12.664252
1981-07-26,3.09,1.2404796,15.250702
1981-08-02,3.06,0.0,14.931932
1981-08-09,3.04,7.011903,19.312744
1981-08-16,3.03,2.9413106,14.513718
1981-08-23,3.1,1.7799528,14.718879
1981-08-30,3.12,0.0,13.435886
1981-09-06,3.08,0.0,14.392585
1981-09-13,3.07,1.6717671,11.887109
1981-09-20,3.09,6.994082,15.001644
1981-09-27,3.14,0.53331625,12.513107
1981-10-04,3.16,9.920128,9.487388
1981-10-11,3.27,6.405777,7.9770627
1981-10-18,3.39,0.8695972,6.110183
1981-10-25,3.28,0.90230656,6.002767
1981-11-01,3.14,2.5185752,10.73177
1981-11-08,3.15,0.0,0.99324673
1981-11-15,3.16,0.0,-0.647766
1981-11-22,3.27,0.15764327,11.379388
1981-11-29,3.23,5.6902456,4.6709538
1981-12-06,3.18,1.6309339,1.7645601
1981-12-13,3.27,0.55157554,-4.189267
1981-12-20,3.27,0.0019823478,-14.04871
1981-12-27,3.22,0.0,-3.8522868
1982-01-03,3.41,0.5361892,10.57074
1982-01-10,3.36,0.0,-10.996844
1982-01-17,3.21,0.0,-2.770816
1982-01-24,3.15,1.2998457,1.0923944
1982-01-31,3.51,0.0,1.1670091
1982-02-07,3.28,4.699115,5.1141424
1982-02-14,3.23,0.78143334,3.562967
1982-02-21,3.17,0.0,-1.1713599
1982-02-28,3.14,4.0838194,5.6414566
1982-03-07,3.28,0.0,1.0443071
1982-03-14,3.27,0.06427853,5.6157703
1982-03-21,3.16,0.14616604,4.983423
1982-03-28,3.13,0.0,7.845654
1982-04-04,3.11,0.0,7.361689
1982-04-11,3.16,2.5317044,2.6514907
1982-04-18,3.14,0.0,6.533654
1982-04-25,3.12,0.35077983,8.369685
1982-05-02,3.13,1.109467,5.204288
1982-05-09,3.15,0.0,7.9053125
1982-05-16,3.11,0.31518722,20.171865
1982-05-23,3.12,6.0936484,13.045034
1982-05-30,3.12,0.0,15.881397
1982-06-06,3.06,0.0,20.416134
1982-06-13,3.03,1.5641087,12.050047
1982-06-20,3.05,3.361526,13.922412
1982-06-27,3.05,5.1513453,15.603005
1982-07-04,3.03,4.1100335,14.08399
1982-07-11,3.0,0.0,21.615705
1982-07-18,3.0,0.0,17.892067
1982-07-25,2.94,0.1709937,16.812727
1982-08-01,2.85,0.0,22.711039
1982-08-08,2.8,0.2762425,18.613472
1982-08-15,2.81,1.5637053,15.260988
1982-08-22,2.78,0.77581626,15.438429
1982-08-29,2.78,0.0,13.787145
1982-09-05,2.74,4.461695,14.630035
1982-09-12,2.71,0.0,14.106367
1982-09-19,2.67,0.0,17.668867
1982-09-26,2.68,3.6453917,15.363851
1982-10-03,2.65,0.0,14.153758
1982-10-10,2.64,0.012016978,10.485374
1982-10-17,2.67,1.6410449,8.424073
1982-10-24,2.82,0.6854436,7.684602
1982-10-31,2.87,0.10064261,6.5484867
1982-11-07,3.31,0.0,2.9593935
1982-11-14,3.39,0.043351624,3.0214567
1982-11-21,3.32,0.88311267,7.284413
1982-11-28,3.46,0.025507078,4.2788587
1982-12-05,3.47,6.916086,3.85016
1982-12-12,3.31,0.005648865,0.61113274
1982-12-19,3.26,8.187191,1.2873061
1982-12-26,3.23,1.4833709,6.9080434
1983-01-02,3.15,0.0,3.8168814
1983-01-09,3.23,0.5169814,5.68458
1983-01-16,3.23,4.673296,6.7681646
1983-01-23,3.28,0.0,2.0531657
1983-01-30,3.32,10.961793,3.4380198
1983-02-06,3.35,5.8914866,0.70394653
1983-02-13,3.2,0.0,-7.231077
1983-02-20,3.13,0.21203238,0.8212949
1983-02-27,3.11,4.1178265,5.922308
1983-03-06,3.15,2.1035445,7.5285473
1983-03-13,3.11,0.033314995,4.045117
1983-03-20,3.17,3.4461355,8.243156
1983-03-27,3.31,4.5348144,3.8284636
1983-04-03,3.2,0.021792855,3.356585
1983-04-10,3.27,6.5311055,8.407673
1983-04-17,3.34,1.4412937,14.866852
1983-04-24,3.18,2.4563246,9.980907
1983-05-01,3.27,2.305527,11.468057
1983-05-08,3.31,3.721182,11.067627
1983-05-15,3.31,0.20575513,16.399654
1983-05-22,3.35,0.050813586,11.887126
1983-05-29,3.34,3.523473,9.594701
1983-06-05,3.12,0.0,13.103569
1983-06-12,3.04,0.0,17.203241
1983-06-19,3.03,0.0,15.268865
1983-06-26,2.99,1.0902058,17.574911
1983-07-03,3.06,0.0,16.91809
1983-07-10,3.0,0.0,23.483196
1983-07-17,2.92,0.8839904,22.078238
1983-07-24,2.92,11.079969,21.66909
1983-07-31,2.88,0.0,22.493744
1983-08-07,2.85,0.0,18.564466
1983-08-14,2.83,0.0,14.498898
1983-08-21,2.77,0.17875153,21.390278
1983-08-28,2.71,0.0,15.293352
1983-09-04,2.64,0.1933515,15.966151
1983-09-11,2.6,3.7396877,12.464205
1983-09-18,2.59,2.7303352,13.004386
1983-09-25,2.57,0.0120543,10.181278
1983-10-02,2.57,3.1225343,12.514042
1983-10-09,2.61,3.9774666,8.510659
1983-10-16,2.68,0.13247675,10.778174
1983-10-23,2.76,0.0,3.7495968
1983-10-30,2.79,0.6928824,3.810319
1983-11-06,2.9,0.0019823478,9.044178
1983-11-13,2.93,0.0,-2.2152033
1983-11-20,3.04,4.5344477,4.023671
1983-11-27,3.11,15.77601,9.045087
1983-12-04,3.1,0.0,-0.7017021
1983-12-11,3.16,0.0,-3.1623018
1983-12-18,3.21,0.3042957,1.6075028
1983-12-25,3.17,4.101447,9.899212
1984-01-01,3.22,14.620846,7.781924
1984-01-08,3.35,2.6504898,2.2132082
1984-01-15,3.32,3.9449642,1.3422072
1984-01-22,3.34,2.3055315,-2.8338363
1984-01-29,3.15,2.3371224,3.1025338
1984-02-05,3.29,3.2988298,4.26179
1984-02-12,3.33,0.0,-1.1587741
1984-02-19,3.13,0.0,-2.9090872
1984-02-26,3.09,0.11279997,1.2913115
1984-03-04,3.12,0.027784182,1.0254855
1984-03-11,3.09,0.001576736,1.929316
1984-03-18,3.07,0.0,0.7164013
1984-03-25,3.07,0.061957836,4.853081
1984-04-01,3.06,0.0,1.5637202
1984-04-08,3.11,0.10932022,4.156706
1984-04-15,3.08,1.2442908,13.64176
1984-04-22,3.04,0.0,11.583366
1984-04-29,3.04,0.0,9.715869
1984-05-06,3.05,1.3051018,9.627065
1984-05-13,3.03,0.0,10.522401
1984-05-20,3.02,0.855118,14.532473
1984-05-27,3.05,8.743584,12.9136305
1984-06-03,3.1,0.0,20.819126
1984-06-10,3.17,0.0047420086,10.862881
1984-06-17,3.08,0.08768743,12.648228
1984-06-24,3.04,0.45348644,10.766406
1984-07-01,3.03,0.019822396,11.768073
1984-07-08,3.11,0.0,19.457003
1984-07-15,3.03,0.71868086,13.783111
1984-07-22,3.02,0.739746,13.610391
1984-07-29,3.01,0.13001817,17.32213
1984-08-05,3.02,2.6242008,16.945036
1984-08-12,3.0,0.0,18.316586
1984-08-19,2.96,0.0,18.095533
1984-08-26,2.92,0.16126092,17.09948
1984-09-02,2.94,0.082888916,16.991861
1984-09-09,2.94,12.594065,11.861027
1984-09-16,3.01,0.0047420086,12.469482
1984-09-23,3.03,0.16629022,8.841971
1984-09-30,3.06,12.006949,13.855169
1984-10-07,3.14,2.1837354,9.99745
1984-10-14,3.17,2.0887434,13.001757
1984-10-21,3.15,2.8051116,8.849322
1984-10-28,3.17,3.5834978,7.729745
1984-11-04,3.16,0.0,5.6806736
1984-11-11,3.12,0.0,7.601676
1984-11-18,3.09,0.0,1.4870565
1984-11-25,3.09,0.22727388,7.484302
1984-12-02,3.14,8.4760795e-06,-0.059120987
1984-12-09,3.21,2.2040167,5.9875336
1984-12-16,3.11,0.03348463,-2.8085337
1984-12-23,3.15,0.2760023,3.9778376
1984-12-30,3.22,0.0,-2.7396233
1985-01-06,3.06,3.546543,-11.0211525
1985-01-13,3.03,0.25074995,-11.727511
1985-01-20,3.02,0.050053146,-5.0096607
1985-01-27,3.14,0.0,-4.7976227
1985-02-03,3.27,0.0,-1.635413
1985-02-10,3.11,0.0063677304,-7.7316623
1985-02-17,3.04,0.0,-5.3171487
1985-02-24,3.02,0.0,4.2884274
1985-03-03,3.06,0.023614462,4.9976025
1985-03-10,3.08,2.0069454,1.4394131
1985-03-17,3.11,0.0,-0.4719628
1985-03-24,3.09,0.2713925,4.9693203
1985-03-31,3.19,6.886738,8.839441
1985-04-07,3.15,0.59692746,9.715031
1985-04-14,3.11,2.9022043,6.375583
1985-04-21,3.06,0.0,8.825627
1985-04-28,3.05,3.9971304,3.6091695
1985-05-05,3.07,0.03544067,9.30212
1985-05-12,3.05,0.5207803,13.376906
1985-05-19,3.03,0.0,15.897633
1985-05-26,3.04,0.0,21.91264
1985-06-02,3.01,0.0,17.63199
1985-06-09,3.03,3.1667585,10.153853
1985-06-16,3.03,6.7395296,10.14955
1985-06-23,3.08,0.0,14.154187
1985-06-30,3.28,8.238489,15.385947
1985-07-07,3.11,0.249423,15.010631
1985-07-14,3.1,6.2975645,23.50085
1985-07-21,3.05,2.7295935,12.53916
1985-07-28,3.11,0.27777416,19.235441
1985-08-04,3.15,5.5372243,13.686587
1985-08-11,3.12,0.4652543,17.05555
1985-08-18,3.14,17.638071,13.831238
1985-08-25,3.25,2.0502458,13.8251
1985-09-01,3.19,0.48350805,15.545055
1985-09-08,3.08,0.36646184,9.801226
1985-09-15,3.03,3.3291483,12.466714
1985-09-22,3.09,3.1649368,13.967318
1985-09-29,3.08,0.0,11.099684
1985-10-06,3.06,0.0,13.22896
1985-10-13,3.06,0.0,9.006847
1985-10-20,3.07,0.0,8.082546
1985-10-27,3.07,0.0036181936,1.6771319
1985-11-03,3.1,0.02333146,3.685421
1985-11-10,3.04,6.9989514,4.4269643
1985-11-17,3.05,0.0,-0.9230905
1985-11-24,3.32,1.1914158,0.044749882
1985-12-01,3.18,0.8870858,2.7551816
1985-12-08,3.08,0.39905193,5.211251
1985-12-15,3.09,0.38642782,10.076282
1985-12-22,3.21,0.039228257,4.710707
1985-12-29,3.1,0.11630429,-3.675596
1986-01-05,3.15,4.991373,-0.052032497
1986-01-12,3.21,3.1943455,3.7799196
1986-01-19,3.42,7.1751285,7.588321
1986-01-26,3.35,0.11326321,-1.7558954
1986-02-02,3.16,0.06163695,-1.1842885
1986-02-09,3.08,0.0,-8.83142
1986-02-16,3.05,0.0,-4.037392
1986-02-23,3.04,0.12202331,-11.706215
1986-03-02,3.03,0.0,-5.035057
1986-03-09,3.03,0.97853416,1.2213414
1986-03-16,3.02,0.0,4.374544
1986-03-23,3.08,6.144309,5.662624
1986-03-30,3.3,2.962792,4.7629
1986-04-06,3.17,0.14406769,3.3087952
1986-04-13,3.13,0.0,2.029508
1986-04-20,3.08,1.7134459,6.638458
1986-04-27,3.08,0.9634519,11.518968
1986-05-04,3.06,0.48581865,12.860988
1986-05-11,3.05,2.0082319,12.106377
1986-05-18,3.06,0.014592429,14.878555
1986-05-25,3.04,0.0,15.499561
1986-06-01,3.01,0.6420513,11.821442
1986-06-08,3.06,0.04668117,10.514712
1986-06-15,3.02,0.0,20.426842
1986-06-22,2.99,0.0,18.46823
1986-06-29,2.96,0.0,19.805637
1986-07-06,2.92,0.49942943,14.986806
1986-07-13,2.91,0.042648748,13.3850155
1986-07-20,2.87,0.027416537,15.966114
1986-07-27,2.86,0.010514472,19.447283
1986-08-03,2.82,0.0,24.851345
1986-08-10,2.76,0.0,15.629442
1986-08-17,2.72,0.0,15.412197
1986-08-24,2.73,0.52017826,11.269309
1986-08-31,2.72,2.5574787,12.004026
1986-09-07,2.76,2.156131,11.229568
1986-09-14,2.78,3.0486166,12.80112
1986-09-21,2.81,0.0,13.73686
1986-09-28,2.82,0.000398383,11.304402
1986-10-05,2.85,0.0063187447,10.340945
1986-10-12,2.85,0.0,11.196896
1986-10-19,2.85,5.374529,8.013747
1986-10-26,2.94,0.563623,8.822265
1986-11-02,3.06,0.119473614,5.5842566
1986-11-09,3.13,0.0,4.748526
1986-11-16,3.08,0.0,9.007739
1986-11-23,3.09,0.14791092,6.0805254
1986-11-30,3.08,0.0,0.2734552
1986-12-07,3.19,0.1064642,2.5147033
1986-12-14,3.21,0.023002507,3.0761309
1986-12-21,3.26,1.0518149,-3.3551698
1986-12-28,3.19,18.585426,4.926569
1987-01-04,3.55,9.325404,-2.4695783
1987-01-11,3.46,1.5414474,-12.466307
1987-01-18,3.42,0.09920748,-10.175027
1987-01-25,3.28,3.6191244,2.838514
1987-02-01,3.32,0.0,-6.464081
1987-02-08,3.22,11.637131,3.157561
1987-02-15,3.35,0.22935186,0.89386106
1987-02-22,3.15,0.35871625,1.7921206
1987-03-01,3.12,3.8239565,-1.5245559
1987-03-08,3.11,0.07487544,-3.790048
1987-03-15,3.07,7.637087,-1.1357683
1987-03-22,3.25,1.1965882,2.358061
1987-03-29,3.2,1.6291642,3.9758153
1987-04-05,3.12,3.0885308,6.8825665
1987-04-12,3.1,4.317753,5.637034
1987-04-19,3.08,9.451402,13.309855
1987-04-26,3.08,0.0,11.485762
1987-05-03,3.05,0.6869631,8.610198
1987-05-10,3.05,0.097008385,8.560932
1987-05-17,3.06,0.6406428,9.0769415
1987-05-24,3.07,0.0,15.085419
1987-05-31,3.01,0.870569,12.615072
1987-06-07,3.02,4.062421,14.868681
1987-06-14,3.03,0.070372134,13.529308
1987-06-21,3.06,0.0,12.296287
1987-06-28,3.06,0.007908366,19.946327
1987-07-05,3.02,0.0,19.095123
1987-07-12,3.0,0.014046427,17.189104
1987-07-19,3.0,0.10573673,18.709785
1987-07-26,2.98,3.8616261,11.790779
1987-08-02,3.0,3.5887098,13.441866
1987-08-09,3.02,2.4933126,14.3690605
1987-08-16,3.05,2.839105,15.219698
1987-08-23,3.05,0.4838169,18.500816
1987-08-30,3.04,0.0,15.038524
1987-09-06,3.03,4.9097576,15.623051
1987-09-13,3.03,5.4333024,14.826704
1987-09-20,3.09,1.1300693,12.179806
1987-09-27,3.09,2.4584117,8.256048
1987-10-04,3.03,0.0,10.918362
1987-10-11,3.02,6.618601,10.50265
1987-10-18,3.11,0.0,9.369466
1987-10-25,3.08,0.022576068,7.07113
1987-11-01,3.02,2.8535867,10.278096
1987-11-08,3.12,0.034703802,5.706871
1987-11-15,3.07,0.6123612,6.284193
1987-11-22,3.08,0.66740155,6.634539
1987-11-29,3.07,0.526037,4.455546
1987-12-06,3.06,0.12741166,-0.1213198
1987-12-13,3.06,0.0,-2.4640293
1987-12-20,3.29,3.2313933,8.903425
1987-12-27,3.16,1.4389616,8.492569
1988-01-03,3.14,5.2873173,6.87047
1988-01-10,3.24,11.715172,6.7742167
1988-01-17,3.16,0.46795294,4.0358634
1988-01-24,3.14,10.242967,4.50261
1988-01-31,3.18,0.8010933,4.9558773
1988-02-07,3.18,4.5081506,2.653332
1988-02-14,3.2,0.0,3.5794916
1988-02-21,3.11,0.6261931,4.663693
1988-02-28,3.12,3.6903582,2.1761649
1988-03-06,3.21,10.979333,2.659478
1988-03-13,3.29,1.8630748,-0.19108295
1988-03-20,3.34,2.9874818,8.268022
1988-03-27,3.44,3.9048986,5.1624017
1988-04-03,3.28,0.0,5.9160843
1988-04-10,3.13,0.10869964,4.968139
1988-04-17,3.08,1.0467346,12.152157
1988-04-24,3.05,0.0,2.7436082
1988-05-01,3.03,0.09446798,15.514226
1988-05-08,3.02,0.0,15.727834
1988-05-15,3.0,0.0,17.393997
1988-05-22,2.99,0.008549772,10.364226
1988-05-29,2.94,0.26690638,15.308424
1988-06-05,2.95,0.6988759,12.251166
1988-06-12,3.05,0.0,15.145184
1988-06-19,3.01,0.0,13.524482
1988-06-26,3.0,0.12758668,17.797535
1988-07-03,3.0,0.18660653,17.241695
1988-07-10,2.99,0.01538812,18.6967
1988-07-17,3.1,6.261262,15.332563
1988-07-24,3.14,3.0750313,17.411201
1988-07-31,3.1,1.0020909,15.434302
1988-08-07,3.02,0.0,18.531279
1988-08-14,2.99,0.0,19.34819
1988-08-21,2.96,5.657441,14.813069
1988-08-28,2.97,5.6966434,20.572445
1988-09-04,2.96,0.07239572,13.314266
1988-09-11,2.94,0.5575141,15.0837555
1988-09-18,2.99,0.51838183,14.476427
1988-09-25,3.0,0.62648195,12.702165
1988-10-02,3.03,0.0,8.6874485
1988-10-09,3.06,10.863749,12.507557
1988-10-16,3.13,0.0,10.661558
1988-10-23,3.05,0.1477139,10.402475
1988-10-30,3.04,0.6581538,4.152453
1988-11-06,3.07,0.15598717,3.4242358
1988-11-13,3.1,5.058454,7.4991627
1988-11-20,3.28,0.11231548,-0.7336614
1988-11-27,3.23,0.51918995,4.6727295
1988-12-04,3.1,4.7942767,4.367338
1988-12-11,3.06,3.0275412,8.268818
1988-12-18,3.12,15.816295,6.6501126
1988-12-25,3.13,1.3543817,6.2539124
1989-01-01,3.11,0.56271005,7.017042
1989-01-08,3.15,0.55770844,8.801892
1989-01-15,3.13,0.015421331,7.2999105
1989-01-22,3.04,0.0019823478,4.156955
1989-01-29,3.02,0.025492348,3.4624705
1989-02-05,3.02,0.23966199,4.9385557
1989-02-12,2.99,4.0284567,5.187418
1989-02-19,3.05,9.110935,10.339023
1989-02-26,3.05,1.4652983,5.063565
1989-03-05,3.08,0.06677971,10.07435
1989-03-12,3.06,1.4492744,7.2084284
1989-03-19,3.11,0.014974983,7.547553
1989-03-26,3.13,0.0,8.169627
1989-04-02,3.07,0.0160743,1.4923103
1989-04-09,3.03,0.0039644483,7.9549246
1989-04-16,3.0,0.21075907,7.9727945
1989-04-23,3.02,3.0959454,5.8635473
1989-04-30,3.12,0.0,7.8610816
1989-05-07,3.03,0.035148066,9.118124
1989-05-14,2.98,0.011276148,11.494875
1989-05-21,2.96,0.0,16.040821
1989-05-28,2.94,0.0,14.891613
1989-06-04,2.92,9.804684,10.647291
1989-06-11,2.98,2.256845,16.60743
1989-06-18,2.93,0.0,19.777746
1989-06-25,2.88,0.0,18.604326
1989-07-02,2.87,8.524782,15.001768
1989-07-09,2.93,11.118199,17.159742
1989-07-16,2.92,0.17276284,13.779383
1989-07-23,2.88,0.89024556,20.392668
1989-07-30,2.84,15.890681,17.027578
1989-08-06,2.85,0.0,16.988243
1989-08-13,2.82,0.0,18.26085
1989-08-20,2.78,0.0,21.530876
1989-08-27,2.8,68.21352,10.605178
1989-09-03,3.04,0.63705647,11.755627
1989-09-10,3.01,0.0,16.777903
1989-09-17,3.0,0.0,19.603912
1989-09-24,3.0,0.75142694,15.385324
1989-10-01,3.11,0.49587455,12.346321
1989-10-08,3.1,0.8777572,9.522754
1989-10-15,3.05,1.7917677,7.3137264
1989-10-22,3.08,0.04208129,17.322304
1989-10-29,3.1,6.3971176,9.9376335
1989-11-05,3.06,1.8339334,5.722938
1989-11-12,3.03,0.00569027,5.136221
1989-11-19,3.11,0.0,-1.000521
1989-11-26,3.11,9.606963,5.723245
1989-12-03,3.01,0.0019617535,-5.2436447
1989-12-10,2.99,0.44848675,-2.222874
1989-12-17,3.21,0.6532641,11.485287
1989-12-24,3.25,2.1604536,7.070268
1989-12-31,3.06,0.02661592,-1.9835703
1990-01-07,2.98,0.06828047,2.567891
1990-01-14,2.98,0.1190229,1.7604518
1990-01-21,3.0,1.0299201,9.697123
1990-01-28,3.12,0.28819424,6.3346357
1990-02-04,3.05,0.0,6.7545185
1990-02-11,3.08,4.0271735,4.4556975
1990-02-18,3.15,4.7647467,6.170508
1990-02-25,3.07,1.1422048,9.295002
1990-03-04,3.12,0.84693074,6.2324266
1990-03-11,3.17,0.0,11.060085
1990-03-18,3.1,0.0,10.690829
1990-03-25,3.05,4.8785434,4.5384274
1990-04-01,3.05,0.00569027,11.130897
1990-04-08,3.02,0.0023837425,3.6991124
1990-04-15,3.0,2.7146177,5.818659
1990-04-22,3.0,0.1758537,12.481459
1990-04-29,3.0,0.0,12.302156
1990-05-06,2.99,0.0,19.11779
1990-05-13,2.99,8.729835,10.673203
1990-05-20,2.98,0.0,14.119071
1990-05-27,2.96,0.07881314,11.301847
1990-06-03,2.95,9.890553,14.04684
1990-06-10,3.02,0.36350226,13.572754
1990-06-17,3.02,0.055526298,13.46967
1990-06-24,3.04,0.30362314,16.09184
1990-07-01,3.02,2.6235409,15.854333
1990-07-08,2.97,0.08344981,16.931292
1990-07-15,2.93,0.0,17.843224
1990-07-22,2.88,0.0,14.560172
1990-07-29,2.85,4.790397,17.420769
1990-08-05,2.84,0.000398383,17.60749
1990-08-12,2.8,1.7130847,20.372461
1990-08-19,2.75,20.732359,15.076545
1990-08-26,2.78,0.0,16.78251
1990-09-02,2.76,3.983284,15.463904
1990-09-09,2.83,10.039789,12.646662
1990-09-16,2.99,0.0,9.848357
1990-09-23,3.1,7.1249814,11.438946
1990-09-30,3.13,1.5225109,16.165499
1990-10-07,3.12,2.5554419,10.095349
1990-10-14,3.14,0.0,14.956099
1990-10-21,3.09,0.0,5.7062497
1990-10-28,3.07,23.791838,9.617048
1990-11-04,3.19,1.3733386,3.7605684
1990-11-11,3.1,2.9496734,9.817442
1990-11-18,3.3,18.315142,6.4269915
1990-11-25,3.41,4.1775494,2.4244337
1990-12-02,3.01,1.0258193,5.3828807
1990-12-09,2.99,0.0,-2.1197135
1990-12-16,3.21,0.0142751485,0.698107
1990-12-23,3.25,0.0060063666,7.2113123
1990-12-30,3.08,0.015601505,5.1962547
1991-01-06,3.26,4.8803406,4.5407557
1991-01-13,3.15,0.003671863,-0.066380486
1991-01-20,3.1,3.6576571,2.2830057
1991-01-27,3.1,0.0019617535,2.9005013
1991-02-03,3.08,0.0,-6.4497213
1991-02-10,3.05,0.017976383,-5.4326105
1991-02-17,3.04,0.39596078,0.35801792
1991-02-24,3.05,6.0373244,8.999373
1991-03-03,3.09,0.0,6.248418
1991-03-10,3.08,0.0,8.999814
1991-03-17,3.07,0.0,10.710601
1991-03-24,3.06,0.0019617535,6.473043
1991-03-31,3.05,1.3125657,6.815723
1991-04-07,3.05,3.9375827,7.486119
1991-04-14,3.03,0.0,12.889912
1991-04-21,3.03,2.1846838,3.4468966
1991-04-28,3.04,0.2010534,7.362566
1991-05-05,3.06,1.714436,7.080082
1991-05-12,3.03,0.16374089,9.641598
1991-05-19,3.02,0.02559687,10.714191
1991-05-26,3.0,0.033737496,11.199356
1991-06-02,2.98,0.057897203,10.691801
1991-06-09,2.98,3.2979763,14.387015
1991-06-16,2.99,1.0352467,11.1377125
1991-06-23,3.02,9.993992,16.601849
1991-06-30,3.1,2.2963035,15.788411
1991-07-07,3.05,0.0,25.351635
1991-07-14,3.01,0.94430554,16.165943
1991-07-21,2.97,0.0,14.8390875
1991-07-28,2.97,0.0,20.312256
1991-08-04,2.94,0.0,19.265982
1991-08-11,2.9,2.6627898,17.567734
1991-08-18,2.89,2.8728175,14.313374
1991-08-25,2.86,0.0,16.05645
1991-09-01,2.8,0.0,18.724316
1991-09-08,2.76,0.08117611,13.852837
1991-09-15,2.72,9.342562,15.793118
1991-09-22,2.69,1.7244753,13.000147
1991-09-29,2.73,0.087939434,11.661098
1991-10-06,2.73,0.11068732,10.671894
1991-10-13,2.73,6.126627,11.8558655
1991-10-20,2.75,0.2276158,3.4661076
1991-10-27,2.78,0.0,4.398539
1991-11-03,3.22,6.539528,8.951908
1991-11-10,3.1,5.9068832,3.790707
1991-11-17,3.26,0.0019617535,1.8995348
1991-11-24,3.44,0.0248382,4.4714675
1991-12-01,3.24,0.0739879,2.0976715
1991-12-08,3.18,0.098051034,2.4482224
1991-12-15,3.17,0.0,-1.5361177
1991-12-22,3.15,6.44569,6.3786874
1991-12-29,3.19,0.13662642,5.7890453
1992-01-05,3.17,16.168667,4.2616982
1992-01-12,3.18,0.34789276,1.2587458
1992-01-19,3.15,6.1545076,5.9571815
1992-01-26,3.11,0.023530403,0.8525562
1992-02-02,3.1,2.4679198,-0.3280536
1992-02-09,3.1,0.30751932,4.608151
1992-02-16,3.13,14.20602,1.4160359
1992-02-23,3.16,1.3790308,5.699427
1992-03-01,3.14,0.11574152,8.930276
1992-03-08,3.12,0.017055154,6.5424047
1992-03-15,3.29,1.2208685,2.8440502
1992-03-22,3.36,5.8375516,4.4594817
1992-03-29,3.32,0.13021849,1.552134
1992-04-05,3.19,0.98097885,4.8533216
1992-04-12,3.15,0.65100664,10.790407
1992-04-19,3.15,0.41635743,6.680408
1992-04-26,3.17,8.176885,12.251019
1992-05-03,3.19,0.029851118,8.084036
1992-05-10,3.22,5.418655,8.510673
1992-05-17,3.26,0.0,12.532733
1992-05-24,3.14,0.0,20.811134
1992-05-31,3.06,0.0,20.09497
1992-06-07,3.05,0.0017101095,19.433872
1992-06-14,3.0,0.0,19.668118
1992-06-21,2.98,0.0,16.125984
1992-06-28,2.96,0.0,23.131584
1992-07-05,2.91,3.5406408,16.004974
1992-07-12,2.87,1.1876823,17.135073
1992-07-19,2.85,0.011276148,22.611809
1992-07-26,2.83,0.0042078425,19.458632
1992-08-02,2.79,0.0,19.401573
1992-08-09,2.76,3.5479012,27.092731
1992-08-16,2.73,2.8954358,16.694592
1992-08-23,2.71,2.867151,15.607125
1992-08-30,2.7,1.3727598,15.819426
1992-09-06,2.64,0.01115868,11.61061
1992-09-13,2.59,0.6370921,14.127352
1992-09-20,2.57,0.37553498,13.7484
1992-09-27,2.55,0.0,15.1211195
1992-10-04,2.53,0.41345897,11.001157
1992-10-11,2.54,0.33738577,9.106723
1992-10-18,2.56,0.31557652,6.2251034
1992-10-25,2.59,13.906738,4.1638737
1992-11-01,2.79,0.026204303,4.8094726
1992-11-08,2.93,0.00569027,4.9394956
1992-11-15,3.09,5.672759,3.160125
1992-11-22,3.13,4.6508822,3.3326037
1992-11-29,3.14,0.50196713,1.3476509
1992-12-06,3.08,0.0,2.516219
1992-12-13,3.05,4.759157,4.976058
1992-12-20,3.12,1.8711478,2.45065
1992-12-27,3.23,0.0,-0.14544034
1993-01-03,3.06,0.0,-10.209357
1993-01-10,3.17,9.401118,9.137448
1993-01-17,3.26,1.1420325,9.577663
1993-01-24,3.21,6.0408916,7.3208213
1993-01-31,3.24,0.0,-5.17992
1993-02-07,3.2,0.037611417,3.3678503
1993-02-14,3.14,0.0,-1.1756158
1993-02-21,3.25,0.24118134,-0.25579816
1993-02-28,3.16,0.10894059,0.3865647
1993-03-07,3.14,0.01980181,3.3024046
1993-03-14,3.12,0.076008745,7.954362
1993-03-21,3.12,0.0155995,8.949436
1993-03-28,3.1,0.0019617535,0.16084883
1993-04-04,3.09,3.332858,6.778191
1993-04-11,3.1,0.0,5.641552
1993-04-18,3.11,6.2848763,8.972352
1993-04-25,3.11,0.0,18.285952
1993-05-02,3.08,0.215441,14.484861
1993-05-09,3.04,0.044027586,18.528328
1993-05-16,2.99,0.0,12.883289
1993-05-23,2.95,0.2505129,14.061697
1993-05-30,2.95,7.640563,14.8507805
1993-06-06,2.96,0.0,17.683405
1993-06-13,2.92,0.23002979,12.901071
1993-06-20,2.94,0.08719749,14.171812
1993-06-27,2.93,0.34193844,13.518144
1993-07-04,2.88,0.0,19.798998
1993-07-11,2.84,0.36932608,14.331129
1993-07-18,2.82,0.4400209,16.49958
1993-07-25,2.99,11.135034,13.256059
1993-08-01,3.24,0.050448857,15.028303
1993-08-08,3.18,1.2977861,16.561363
1993-08-15,3.14,13.083012,18.78107
1993-08-22,3.12,16.246489,10.962253
1993-08-29,3.09,0.06433015,13.074832
1993-09-05,3.08,0.014151285,10.324482
1993-09-12,3.23,0.27534738,13.187947
1993-09-19,3.26,0.0,10.0251045
1993-09-26,3.34,1.5134511,11.197386
1993-10-03,3.34,18.71962,11.127246
1993-10-10,3.33,0.0,10.879344
1993-10-17,3.35,0.010240152,3.6455107
1993-10-24,3.17,0.0019617535,5.6153803
1993-10-31,3.11,0.0036181936,1.8998119
1993-11-07,3.17,0.17840093,6.018782
1993-11-14,3.3,13.182708,5.840285
1993-11-21,3.49,0.26834726,-6.542902
1993-11-28,3.62,0.013619086,0.037660174
1993-12-05,3.59,0.017088821,5.537687
1993-12-12,3.63,11.052044,3.19288
1993-12-19,3.61,4.183018,9.543261
1993-12-26,3.54,3.084662,1.4972781
1994-01-02,3.48,3.3303213,1.3242027
1994-01-09,3.48,0.0036181936,0.8241346
1994-01-16,3.3,0.10321752,0.34365475
1994-01-23,3.17,11.768525,5.3273907
1994-01-30,3.49,4.7280927,6.0612326
1994-02-06,3.46,0.020564191,2.2537866
1994-02-13,3.19,0.0,-5.874438
1994-02-20,3.07,0.86102897,-5.865887
1994-02-27,3.05,0.2958519,6.7816644
1994-03-06,3.08,1.4661812,5.9691105
1994-03-13,3.06,5.9607577,6.0680213
1994-03-20,3.29,7.3511395,1.6928506
1994-03-27,3.47,0.0,3.8477488
1994-04-03,3.37,0.29452893,5.4087696
1994-04-10,3.43,0.0036921995,6.96688
1994-04-17,3.27,0.0,6.1778398
1994-04-24,3.15,0.53264123,16.297007
1994-05-01,3.12,0.0,7.1347036
1994-05-08,3.11,0.06458405,14.30377
1994-05-15,3.07,8.003529,13.68535
1994-05-22,3.05,2.762766,14.20852
1994-05-29,3.04,0.27582872,9.476814
1994-06-05,3.07,3.8824358,10.622803
1994-06-12,3.04,0.0,13.552301
1994-06-19,3.06,0.015799321,15.575396
1994-06-26,3.05,0.0,20.54797
1994-07-03,3.01,0.89929646,25.463663
1994-07-10,3.23,0.0,20.142584
1994-07-17,3.18,0.0,17.17347
1994-07-24,3.12,0.0,25.766129
1994-07-31,3.08,0.0,26.66215
1994-08-07,2.98,0.0,17.85749
1994-08-14,2.98,2.8993263,13.225788
1994-08-21,3.02,0.0,15.928458
1994-08-28,3.03,0.93855584,14.476373
1994-09-04,2.98,1.4203302,15.259733
1994-09-11,3.0,0.6523989,12.9217415
1994-09-18,3.0,0.6034243,11.276226
1994-09-25,3.01,0.00827383,13.8703375
1994-10-02,3.01,2.42523,11.949507
1994-10-09,2.99,0.21465649,7.408285
1994-10-16,2.99,0.0,6.4529843
1994-10-23,3.01,0.5357554,13.020211
1994-10-30,3.07,20.023815,11.916496
1994-11-06,3.08,0.037662294,9.648074
1994-11-13,3.08,2.7452304,5.5265975
1994-11-20,3.06,4.3791723,13.1499815
1994-11-27,3.05,0.40888286,8.321089
1994-12-04,3.12,0.948623,8.969548
1994-12-11,3.39,1.1098354,12.609327
1994-12-18,3.47,0.67984515,3.1592417
1994-12-25,3.47,3.2527857,-2.6133819
1995-01-01,3.05,5.700108,0.33613923
1995-01-08,3.02,7.455797,-2.5554209
1995-01-15,3.04,1.0005893,5.822146
1995-01-22,3.07,10.601457,5.0823665
1995-01-29,3.25,4.64437,6.8981466
1995-02-05,3.25,0.1428459,6.0252705
1995-02-12,3.27,0.19160777,7.9890265
1995-02-19,3.26,7.5668826,6.5509396
1995-02-26,3.17,0.13742727,1.45901
1995-03-05,3.07,7.91036,1.1351935
1995-03-12,3.0,0.0,5.3237553
1995-03-19,3.0,1.1489643,4.3469663
1995-03-26,2.99,15.774346,5.1819243
1995-04-02,3.04,0.0,12.10413
1995-04-09,2.99,3.0228984,4.5380898
1995-04-16,2.95,1.9318703,4.3315616
1995-04-23,2.93,0.0294113,13.024339
1995-04-30,2.9,0.0,11.440868
1995-05-07,2.88,1.7853631,13.545664
1995-05-14,2.84,0.7910384,7.327047
1995-05-21,2.81,0.0,7.9180875
1995-05-28,2.77,0.030424353,19.267187
1995-06-04,2.79,1.2874143,13.805981
1995-06-11,2.77,1.3801346,12.525491
1995-06-18,2.76,0.031519335,13.797009
1995-06-25,2.75,0.0,21.127968
1995-07-02,2.74,0.00083797175,18.895866
1995-07-09,2.72,0.08312409,24.265694
1995-07-16,2.73,1.3335136,17.946005
1995-07-23,2.75,0.0,16.251158
1995-07-30,2.72,0.0,23.876955
1995-08-06,2.7,0.0,21.92925
1995-08-13,2.67,0.7737727,20.480215
1995-08-20,2.65,0.0,20.59353
1995-08-27,2.68,8.497564,12.58206
1995-09-03,2.68,0.6418097,13.180973
1995-09-10,2.79,0.06631061,16.091131
1995-09-17,2.86,0.025535576,15.731018
1995-09-24,2.82,0.16129334,13.552439
1995-10-01,2.84,2.1876178,8.731692
1995-10-08,2.79,0.0047420086,16.053612
1995-10-15,2.74,8.4760795e-06,14.04952
1995-10-22,2.68,0.0,4.8872657
1995-10-29,2.61,0.042806998,6.884577
1995-11-05,2.74,0.005476885,-0.61175084
1995-11-12,2.72,0.0,6.33152
1995-11-19,2.73,9.16772,3.1899753
1995-11-26,2.72,0.0,4.856615
1995-12-03,2.7,0.0,-1.1109501
1995-12-10,2.66,0.0,-0.5860409
1995-12-17,2.69,0.004655491,-2.6196818
1995-12-24,2.64,0.009469796,-2.8017519
1995-12-31,2.78,0.13133717,-8.332617
1996-01-07,2.77,0.34641817,1.0193915
1996-01-14,2.76,0.017838538,0.60772973
1996-01-21,2.76,0.0,-4.9389167
1996-01-28,2.76,0.0,-6.2506695
1996-02-04,2.76,0.32916972,-3.2521417
1996-02-11,2.76,1.8435194,1.7184356
1996-02-18,2.77,5.5293217,2.0367558
1996-02-25,2.77,0.37860796,4.531557
1996-03-03,2.77,0.0,-2.536875
1996-03-10,2.795,0.07882032,-0.9922478
1996-03-17,2.82,0.0,2.1821058
1996-03-24,2.83,0.0,4.7363706
1996-03-31,2.84,0.27586532,-0.17624494
1996-04-07,2.85,0.0019820603,9.029835
1996-04-14,2.86,0.0,5.6520815
1996-04-21,2.87,0.0,18.074657
1996-04-28,2.88,0.8324864,9.086726
1996-05-05,2.88,0.20301661,5.3424335
1996-05-12,2.89,0.018566204,9.624676
1996-05-19,2.89,7.992861,13.890575
1996-05-26,2.9,6.2289233,12.019093
1996-06-02,2.9,3.4480858,12.523112
1996-06-09,2.90666666666667,0.0,18.758638
1996-06-16,2.91333333333333,0.0,12.4477005
1996-06-23,2.92,0.43704522,10.861892
1996-06-30,2.9,6.108675,12.762267
1996-07-07,2.93,0.41374433,13.598574
1996-07-14,2.9,0.001990158,17.10059
1996-07-21,2.85,0.0,18.21096
1996-07-28,2.84,0.0,15.594264
1996-08-04,2.8,0.0,15.073186
1996-08-11,2.76,3.44509,18.423843
1996-08-18,2.73,0.0,19.412487
1996-08-25,2.68,0.0987259,16.970161
1996-09-01,2.74,0.99550873,11.634048
1996-09-08,2.72,0.0,11.554534
1996-09-15,2.7,0.0,9.89835
1996-09-22,2.69,0.09553841,9.843069
1996-09-29,2.67,6.7797065,14.102133
1996-10-06,2.68,0.0,6.994314
1996-10-13,2.68,0.0,9.896342
1996-10-20,2.67,5.6721225,10.08568
1996-10-27,2.72,11.875454,9.881328
1996-11-03,2.79,1.3246506,13.645835
1996-11-10,2.88,4.1682563,4.8418207
1996-11-17,2.94,0.029232195,2.7179763
1996-11-24,3.0,0.100118056,0.4070785
1996-12-01,3.06,4.1646214,1.8384985
1996-12-08,3.07,0.0,-0.4515303
1996-12-15,3.02,2.8734508,3.7562518
1996-12-22,3.02,0.0,-5.674196
1996-12-29,2.99,2.0675757,-5.612871
1997-01-05,2.97,0.0044394406,-7.812134
1997-01-12,2.93,0.0,-1.861112
1997-01-19,2.94,1.6883552,2.333695
1997-01-26,2.96,0.004863581,-1.1848458
1997-02-02,2.97,0.10813755,-1.0770948
1997-02-09,2.99,0.69460905,7.2103033
1997-02-16,3.07,0.07892132,0.8105648
1997-02-23,3.15,0.0,9.747215
1997-03-02,3.13,1.1634198,9.170243
1997-03-09,3.06,0.0,6.8527846
1997-03-16,3.04,7.12146,2.7079592
1997-03-23,3.07,3.8729777,2.1659365
1997-03-30,3.08,0.020645233,7.5612545
1997-04-06,3.07,0.58569556,2.5844107
1997-04-13,3.03,0.9945741,5.2698727
1997-04-20,3.0,0.0,3.5604107
1997-04-27,2.98,0.6458689,11.258746
1997-05-04,3.0,2.6259258,14.267131
1997-05-11,3.07,4.279722,14.363865
1997-05-18,3.01,16.637188,19.961956
1997-05-25,3.0,0.0,11.551645
1997-06-01,2.97,0.099253476,14.997218
1997-06-08,2.92,4.2841206,19.016802
1997-06-15,2.89,2.481888,12.895635
1997-06-22,2.87,3.0696135,14.986357
1997-06-29,3.11,34.123894,21.349579
1997-07-06,3.0,0.06647485,15.844155
1997-07-13,2.93,2.5096967,22.04959
1997-07-20,2.92,3.6479428,17.809803
1997-07-27,2.94,1.479595,17.889755
1997-08-03,2.95,1.116756,18.693733
1997-08-10,2.89,0.0,23.418365
1997-08-17,2.84,0.1882751,21.454535
1997-08-24,2.79,0.9457956,24.559893
1997-08-31,2.83,0.0,18.23604
1997-09-07,2.8,2.0684476,15.220557
1997-09-14,2.75,3.6161973,11.620491
1997-09-21,2.72,0.0,7.3559256
1997-09-28,2.68,0.0,10.094262
1997-10-05,2.66,0.10882265,14.542613
1997-10-12,2.66,3.7272618,7.8498054
1997-10-19,2.65,0.0057070605,12.230039
1997-10-26,2.65,0.10864055,4.011606
1997-11-02,2.65,0.38547742,4.8700886
1997-11-09,2.68,0.3010454,9.254746
1997-11-16,2.72,0.0,4.681277
1997-11-23,2.75,0.0,0.995764
1997-11-30,2.78,0.77829534,7.1390066
1997-12-07,2.83,0.056623314,4.3752637
1997-12-14,2.98,0.7405104,3.1059535
1997-12-21,2.99,2.9095132,2.1934795
1997-12-28,3.13,3.5418675,5.03043
1998-01-04,3.2,6.271891,6.5299664
1998-01-11,3.2,0.0,4.3871117
1998-01-18,3.1,2.3940496,4.286747
1998-01-25,3.08,0.05247585,0.38559744
1998-02-01,3.06,0.0,-6.4996395
1998-02-08,3.03,0.0,3.702123
1998-02-15,3.03,0.0,10.518868
1998-02-22,3.01,0.16958863,7.4231305
1998-03-01,3.0,4.482242,0.681029
1998-03-08,3.1,2.4749818,1.7673848
1998-03-15,3.2,0.60237855,7.552375
1998-03-22,3.11,3.3408663,4.223988
1998-03-29,3.09,0.0,14.729338
1998-04-05,3.11,4.4608274,9.161859
1998-04-12,3.22,0.0043406924,5.235953
1998-04-19,3.08,0.06519036,7.309712
1998-04-26,3.05,3.3521523,11.544345
1998-05-03,3.06,0.00823674,10.605311
1998-05-10,3.07,0.0,20.0266
1998-05-17,2.99,0.0,15.56636
1998-05-24,2.97,1.5117021,11.365091
1998-05-31,3.02,4.2367024,18.09289
1998-06-07,3.07,14.349575,16.251598
1998-06-14,3.05,0.016855292,15.483943
1998-06-21,3.01,0.53089964,23.828543
1998-06-28,3.04,5.3400035,14.130688
1998-07-05,3.045,1.5066991,15.100826
1998-07-12,3.05,7.0163803,15.903403
1998-07-19,3.05,0.0,16.849892
1998-07-26,3.0,1.7920579,17.400707
1998-08-02,3.0,0.0,16.209229
1998-08-09,2.94,0.0,16.506325
1998-08-16,2.91,0.0,15.983924
1998-08-23,2.88,20.87489,13.519657
1998-08-30,2.97,0.064728074,13.501078
1998-09-06,3.0,0.0,15.713207
1998-09-13,3.05,0.0,9.890839
1998-09-20,3.07,0.06937487,14.627686
1998-09-27,3.02,0.47424465,14.429439
1998-10-04,2.99,4.118447,5.9705515
1998-10-11,3.07,5.0074205,9.969234
1998-10-18,3.14,0.8730515,5.527047
1998-10-25,3.28,8.141836,9.48388
1998-11-01,3.51,2.2849236,5.5492992
1998-11-08,3.49,4.0762877,4.6713357
1998-11-15,3.46,1.9978205,3.2367709
1998-11-22,3.25,0.0019820603,-6.649058
1998-11-29,3.17,0.020684158,1.1743635
1998-12-06,3.1,0.14108355,-3.047308
1998-12-13,3.43,5.4839473,6.2897444
1998-12-20,3.47,1.0830556,1.8677872
1998-12-27,3.35,3.4871893,9.303099
1999-01-03,3.19,1.7668099,4.606734
1999-01-10,3.19,0.0,-1.7268013
1999-01-17,3.21,0.2098654,5.027086
1999-01-24,3.11,0.41874462,5.985573
1999-01-31,3.11,2.7146924,-0.29936063
1999-02-07,3.11,3.3093138,0.80030954
1999-02-14,3.06,0.12992902,-4.116311
1999-02-21,3.23,7.552253,4.50801
1999-02-28,3.37,6.0233355,7.3856726
1999-03-07,3.44,0.0,3.9082692
1999-03-14,3.2,0.0,6.6681385
1999-03-21,3.14666666666667,2.949407,5.4717283
1999-03-28,3.09333333333333,0.0,4.4038005
1999-04-04,3.04,0.011316948,11.27051
1999-04-11,3.05,0.77120644,7.4700327
1999-04-18,3.03,0.0,5.929117
1999-04-25,3.01,3.3397684,12.835064
1999-05-02,3.0,0.0,9.693528
1999-05-09,2.98,0.0074003804,14.568432
1999-05-16,3.01,0.0017101095,9.793226
1999-05-23,2.96,0.0,14.915157
1999-05-30,2.94,9.771484,15.20006
1999-06-06,2.95,1.5510315,13.598508
1999-06-13,2.925,0.0,17.406948
1999-06-20,2.9,5.8107224,14.603236
1999-06-27,2.87,1.8713746,19.36769
1999-07-04,2.85,5.9442954,22.031977
1999-07-11,2.81,0.0,23.89544
1999-07-18,2.81,0.0,22.668282
1999-07-25,2.84,0.014614301,19.948288
1999-08-01,2.79,0.0,23.178064
1999-08-08,2.74,1.3392742,20.51696
1999-08-15,2.71,4.315106,14.268299
1999-08-22,2.69,0.016653044,14.109774
1999-08-29,2.66,0.0,15.821381
1999-09-05,2.61,0.0,19.701097
1999-09-12,2.58,0.0,20.979378
1999-09-19,2.56,0.0,17.555437
1999-09-26,2.54,2.9677866,14.345132
1999-10-03,2.56,2.0685778,10.567945
1999-10-10,2.57,2.2039104,14.758635
1999-10-17,2.57,0.0,3.7303123
1999-10-24,2.59,0.28173313,11.240969
1999-10-31,2.6,0.2587984,11.025529
1999-11-07,2.61,2.8965244,8.816686
1999-11-14,2.63,0.0,4.139715
1999-11-21,2.65,0.06586662,-0.19378066
1999-11-28,2.68,0.0,8.249303
1999-12-05,2.77,3.0743847,1.2384825
1999-12-12,3.04,14.36165,6.96548
1999-12-19,3.14,3.161354,-0.32374653
1999-12-26,3.19,10.736701,2.994956
2000-01-02,3.13,0.18286818,6.0304656
2000-01-09,3.07,0.0,1.8281926
2000-01-16,3.04,1.0065722,5.780729
2000-01-23,3.07,0.15039976,-3.4489202
2000-01-30,3.18,4.127487,6.1455226
2000-02-06,3.11,1.5995557,8.124188
2000-02-13,3.12,1.3530213,4.283677
2000-02-20,3.13,0.22565685,0.7544473
2000-02-27,3.11,0.06286047,6.1716022
2000-03-05,3.25,0.39414725,1.54401
2000-03-12,3.46,5.073168,6.051531
2000-03-19,3.52,0.01756744,4.4274216
2000-03-26,3.42,2.1814182,6.0426536
2000-04-02,3.24,0.0,8.789328
2000-04-09,3.13,0.0,5.957183
2000-04-16,3.1,0.013082917,7.5515237
2000-04-23,3.07,6.0318346,15.189462
2000-04-30,3.05,0.10069492,13.477962
2000-05-07,3.01,0.0,18.67787
2000-05-14,2.96,0.0,18.66193
2000-05-21,2.95,0.7669606,11.308527
2000-05-28,2.94,2.0419157,11.338178
2000-06-04,2.91,0.015099632,16.535479
2000-06-11,2.9,0.0,16.822441
2000-06-18,2.86,0.0,20.561815
2000-06-25,2.84,0.44629145,12.323655
2000-07-02,2.72,0.044924617,17.85995
2000-07-09,2.83,1.0530131,13.582761
2000-07-16,2.83,0.331856,14.348687
2000-07-23,2.86,0.33595407,16.807266
2000-07-30,2.97,0.0,16.117577
2000-08-06,2.94,0.32942593,17.86136
2000-08-13,2.89,0.0,19.391539
2000-08-20,2.89,16.237583,17.474922
2000-08-27,2.91,4.7400727,17.740664
2000-09-03,2.9,2.0949655,13.696336
2000-09-10,2.93,0.0,16.369469
2000-09-17,2.93,3.774194,14.229252
2000-09-24,2.88,0.14989159,11.156865
2000-10-01,2.92,6.9469547,14.31798
2000-10-08,2.92,5.8874106,8.879872
2000-10-15,2.98,0.17773098,11.348972
2000-10-22,2.96,0.14045635,13.188658
2000-10-29,3.01,2.342381,9.065783
2000-11-05,3.06,0.0,5.84888
2000-11-12,2.96,4.0296154,8.714252
2000-11-19,2.95,0.4169842,7.1027412
2000-11-26,2.94,0.061125934,7.210593
2000-12-03,2.95,0.2328888,7.8635874
2000-12-10,2.92,3.1415772,8.773548
2000-12-17,3.0,0.34611952,3.2584465
2000-12-24,2.95,7.035372,-1.0548339
2000-12-31,2.92,0.013994571,-0.18592213
2001-01-07,3.07,0.24156281,5.8413024
2001-01-14,2.97,0.0,-1.0654279
2001-01-21,2.93,1.8393917,-0.68459725
2001-01-28,3.04,1.0285487,2.9276752
2001-02-04,2.99,14.430917,-3.3182468
2001-02-11,3.1,0.30347562,9.334988
2001-02-18,3.05,0.07686809,5.3303084
2001-02-25,3.01,1.9879047,0.106871784
2001-03-04,2.98,0.020933995,0.7114509
2001-03-11,2.98,2.9276323,11.396936
2001-03-18,3.01,12.120778,2.1849058
2001-03-25,3.03,0.00031609694,1.8354369
2001-04-01,3.0,0.03317401,11.573453
2001-04-08,3.0,0.4332068,6.326985
2001-04-15,3.04,7.1205425,5.008171
2001-04-22,3.04,0.0,6.586415
2001-04-29,3.05,0.17041446,12.168304
2001-05-06,3.04,0.0,10.184368
2001-05-13,2.97,0.0,16.597412
2001-05-20,2.92,0.0,10.737798
2001-05-27,2.89,6.503775,15.652744
2001-06-03,2.93,13.042549,9.068208
2001-06-10,2.97,0.47292504,11.221712
2001-06-17,2.96,12.205427,15.136967
2001-06-24,2.965,0.0,14.703173
2001-07-01,2.97,0.0023837425,16.404139
2001-07-08,2.9,3.495206,18.050734
2001-07-15,2.88,0.3535506,15.876424
2001-07-22,2.89,0.45368493,19.982628
2001-07-29,2.86,0.0,19.993025
2001-08-05,2.85,4.0981035,14.918712
2001-08-12,2.98,15.145235,15.31859
2001-08-19,2.93,1.077899e-05,20.975475
2001-08-26,2.89,13.969192,23.340868
2001-09-02,2.89,8.026778,14.673006
2001-09-09,3.31,45.10565,11.785727
2001-09-16,3.41,1.6516654,10.515808
2001-09-23,3.51,1.4957716,11.654324
2001-09-30,3.54,2.2099292,14.919929
2001-10-07,3.43,0.25570476,14.666248
2001-10-14,3.28,0.012800695,16.040226
2001-10-21,3.17,4.467222,10.356243
2001-10-28,3.12,0.19939226,11.337388
2001-11-04,3.15,1.1361018,9.6629305
2001-11-11,3.09,1.515088,5.581936
2001-11-18,3.02,0.028542088,6.2786946
2001-11-25,3.13,6.1282835,7.9314694
2001-12-02,3.12,0.41673923,6.631349
2001-12-09,3.16,0.007281614,-1.2434723
2001-12-16,3.03,0.051104024,-0.51100975
2001-12-23,3.14,1.6695952,-5.342947
2001-12-30,3.3,4.5181994,-2.247072
2002-01-06,3.24,1.2983912,2.466847
2002-01-13,3.1,0.0019818845,1.8110384
2002-01-20,3.12,9.894312,6.8321757
2002-01-27,3.25,1.1443452,7.9073462
2002-02-03,3.24,0.5591838,9.587623
2002-02-10,3.11,4.25757,7.125886
2002-02-17,3.11,0.13425404,0.6197908
2002-02-24,3.27,1.3126656,2.044898
2002-03-03,3.44,0.47754723,4.4308596
2002-03-10,3.32,0.008326745,6.1650553
2002-03-17,3.15,3.1497724,8.267292
2002-03-24,3.1,0.0,2.5872946
2002-03-31,3.03,0.0,10.951138
2002-04-07,2.99,0.0,5.4209743
2002-04-14,2.97,6.7832255,6.9611835
2002-04-21,3.02,0.0,9.486497
2002-04-28,3.07,7.337383,8.349544
2002-05-05,3.15,0.49255478,11.373024
2002-05-12,3.065,0.0,11.507608
2002-05-19,2.98,0.06936439,14.848399
2002-05-26,2.95,0.10032378,14.450626
2002-06-02,2.92,0.0,16.286888
2002-06-09,2.93,0.32763183,18.150612
2002-06-16,2.93,0.0,18.284952
2002-06-23,2.96,0.0,16.908348
2002-06-30,2.94,0.9380023,14.421193
2002-07-07,2.95,0.031528216,16.04962
2002-07-14,3.0,15.177906,18.123238
2002-07-21,3.35,5.427952,14.539843
2002-07-28,3.38,0.0,22.802553
2002-08-04,3.34,0.043244686,19.59185
2002-08-11,3.34,17.82772,19.347746
2002-08-18,3.19,3.1750386,21.953293
2002-08-25,3.24,0.39733928,18.379726
2002-09-01,3.08,0.000398383,15.341457
2002-09-08,2.98,0.0,19.148705
2002-09-15,2.93,0.0,13.1174755
2002-09-22,2.93,2.4711678,12.014721
2002-09-29,2.99,0.0,12.64995
2002-10-06,3.05,1.8725897,8.956778
2002-10-13,3.0,0.022572592,3.69076
2002-10-20,3.0,4.4044795,4.7065763
2002-10-27,3.14,11.871834,10.28474
2002-11-03,3.24,9.548682,4.112708
2002-11-10,3.26,1.2642431,2.9640546
2002-11-17,3.36,3.0964985,7.3878765
2002-11-24,3.26,0.2162103,3.79941
2002-12-01,3.13,4.1117325,5.8405313
2002-12-08,3.0,0.0,-2.726859
2002-12-15,2.95,0.09940277,-3.3953848
2002-12-22,2.95,10.872877,-0.8716622
2002-12-29,3.22,15.062437,5.6174593
2003-01-05,3.42,3.1281047,-4.1597476
2003-01-12,3.21,8.180656,1.0658636
2003-01-19,3.33,1.3226726,3.6324909
2003-01-26,3.17,2.6097753,5.0092177
2003-02-02,3.2,5.3551044,0.7750392
2003-02-09,3.13,0.0,0.50503165
2003-02-16,3.01,0.0,-3.0140247
2003-02-23,2.97,0.0,1.360588
2003-03-02,2.96,3.7736173,2.9684541
2003-03-09,3.08,0.95436734,7.5961633
2003-03-16,3.01,0.0,2.2352893
2003-03-23,2.97,0.0,5.691197
2003-03-30,2.93,0.0,6.506497
2003-04-06,2.95,0.0,1.420207
2003-04-13,2.93,0.0,9.70923
2003-04-20,2.94,0.027876802,11.910845
2003-04-27,2.98,5.396421,11.667071
2003-05-04,3.06,0.0005178197,14.285424
2003-05-11,2.96,1.018893,14.117176
2003-05-18,2.93,10.498333,13.528527
2003-05-25,3.11,1.481527,14.430485
2003-06-01,2.97,0.0,19.537685
2003-06-08,2.92,8.767716,20.803068
2003-06-15,2.88,0.0,15.990421
2003-06-22,2.86,0.081755795,16.363731
2003-06-29,2.82,0.003779126,18.133535
2003-07-06,2.85,0.005468409,15.680396
2003-07-13,2.85,0.0,16.587688
2003-07-20,2.81,2.7962842,24.708595
2003-07-27,2.78,0.5766457,20.52759
2003-08-03,2.74,0.0,21.651495
2003-08-10,2.68,0.0,24.759373
2003-08-17,2.63,0.26131523,18.170023
2003-08-24,2.58,0.0,17.910336
2003-08-31,2.565,5.5495563,12.3286
2003-09-07,2.55,0.95978546,17.658274
2003-09-14,2.57,0.0,12.188808
2003-09-21,2.55,0.0,16.54862
2003-09-28,2.53,11.327519,9.917365
2003-10-05,2.55,0.9827615,7.1928654
2003-10-12,2.67,0.0072208545,7.091862
2003-10-19,2.71,0.25662512,3.88251
2003-10-26,2.73,1.775041,3.6361933
2003-11-02,2.77,1.3166299,10.108723
2003-11-09,2.78,0.0,5.432963
2003-11-16,2.8,5.0715528,6.2883906
2003-11-23,2.85,2.0954201,11.864
2003-11-30,2.865,0.43632194,6.3005977
2003-12-07,2.88,0.0,-3.108929
2003-12-14,3.04,8.030053,5.980301
2003-12-21,3.03,3.65079,4.72955
2003-12-28,3.06,8.09459,5.355055
2004-01-04,2.99,2.283265,-1.2684107
2004-01-11,3.08,7.799967,6.5372615
2004-01-18,3.19,2.3841867,-0.48530346
2004-01-25,3.12,3.1415339,2.119468
2004-02-01,3.25,9.528599,8.14436
2004-02-08,3.38,6.06358,2.5607312
2004-02-15,3.27,0.0,3.998522
2004-02-22,3.1,0.51423043,0.691274
2004-02-29,3.02,0.0,-0.56975675
2004-03-07,2.99,0.0,-0.04713784
2004-03-14,2.99,0.43130705,9.149418
2004-03-21,3.08,4.0452943,7.1980133
2004-03-28,3.075,0.0,7.2855625
2004-04-04,3.07,3.5775824,9.595137
2004-04-11,3.11,0.06209262,4.63845
2004-04-18,2.99,0.14864409,12.186855
2004-04-25,2.95,0.0,10.696953
2004-05-02,3.02,2.2666957,12.31495
2004-05-09,3.03,2.5770493,10.74665
2004-05-16,2.95,0.019822115,12.882426
2004-05-23,2.915,0.19373132,9.398303
2004-05-30,2.88,0.0,18.55364
2004-06-06,2.92,0.0,14.511555
2004-06-13,2.87,0.27648294,14.266089
2004-06-20,2.87,0.9049189,11.965022
2004-06-27,2.87,2.7900326,16.211176
2004-07-04,2.9,9.64522,13.8188715
2004-07-11,2.88,7.4847684,13.635641
2004-07-18,2.95,0.8912367,19.02836
2004-07-25,2.94,5.5680394,14.349028
2004-08-01,2.87,0.0,19.248726
2004-08-08,2.82,0.0,24.079866
2004-08-15,2.8,0.5629157,17.619087
2004-08-22,2.76,0.006693719,13.7934475
2004-08-29,2.81,1.9819723,14.742471
2004-09-05,2.77,0.0,19.522253
2004-09-12,2.74,0.013381274,15.46306
2004-09-19,2.7,0.07892587,14.557485
2004-09-26,2.81,1.1344966,12.648472
2004-10-03,2.85,0.0019818845,12.887627
2004-10-10,2.86,0.0,6.118558
2004-10-17,2.86,0.37545326,6.142099
2004-10-24,2.94,0.48072004,15.983956
2004-10-31,2.97,0.09718021,9.533738
2004-11-07,,0.0,4.018339
2004-11-14,,0.089150734,4.094922
2004-11-21,,5.7423344,1.9432199
2004-11-28,,4.518965,6.136552
2004-12-05,,0.15993196,6.342866
2004-12-12,2.96,0.0018895412,3.4284601
2004-12-19,2.97,0.074977174,-0.29574686
2004-12-26,3.04,0.0,-0.63181627
2005-01-02,3.03,6.212,5.2389216
2005-01-09,3.02,0.0,6.6185446
2005-01-16,3.05,0.04567951,-0.4456554
2005-01-23,3.17,2.612061,0.54936945
2005-01-30,3.03,1.9995065,3.1244936
2005-02-06,3.02,0.0,-1.4746721
2005-02-13,3.25,5.3751082,2.069971
2005-02-20,3.1,1.7669896,1.0994583
2005-02-27,3.03,0.10615497,-4.40614
2005-03-06,2.98,0.0,-4.715214
2005-03-13,3.13,1.3095894,2.2471013
2005-03-20,3.04,0.0,2.338966
2005-03-27,2.99,0.004617098,9.959947
2005-04-03,2.99,0.0,11.505076
2005-04-10,2.95,3.330823,6.239092
2005-04-17,2.945,0.59920025,11.839812
2005-04-24,2.94,0.0,9.981958
2005-05-01,2.935,0.011893322,17.60277
2005-05-08,2.93,3.4474797,6.2933183
2005-05-15,2.99,8.523981,9.658513
2005-05-22,2.98,0.0,16.612236
2005-05-29,2.9,10.929766,16.15827
2005-06-05,2.96,5.8909545,12.719194
2005-06-12,2.92,8.010454,9.674292
2005-06-19,2.87,0.0,18.886314
2005-06-26,2.83,0.0,15.40449
2005-07-03,2.81,0.011696347,20.483261
2005-07-10,2.8,0.0,21.793467
2005-07-17,2.76,0.0,16.05674
2005-07-24,2.79,2.976327,16.915594
2005-07-31,2.86,4.914069,15.299664
2005-08-07,,6.0089474,12.079572
2005-08-14,,9.223988,14.730225
2005-08-21,,0.19057159,17.206017
2005-08-28,,0.0,15.495283
2005-09-04,,0.0,15.670259
2005-09-11,,0.11007124,17.017172
2005-09-18,,0.0,10.385906
2005-09-25,2.83,0.47907728,15.238386
2005-10-02,2.87,0.051696334,9.781309
2005-10-09,2.86,0.000398383,12.9901
2005-10-16,2.85,0.0,7.582754
2005-10-23,2.86,3.2338297,10.165291
2005-10-30,2.99,0.000796766,13.672818
2005-11-06,3.02,0.022923637,9.148788
2005-11-13,3.04,0.0,6.4052873
2005-11-20,3.12,10.738931,6.08471
2005-11-27,,0.0039638137,-0.15358108
2005-12-04,,5.1682034,5.432715
2005-12-11,,0.52929693,3.544716
2005-12-18,,5.7539005,0.83427167
2005-12-25,,0.5693466,1.7387693
2006-01-01,,0.29420745,3.826951
2006-01-08,,0.005946478,-1.7784876
2006-01-15,,0.0,-3.1749413
2006-01-22,,0.0,-4.625743
2006-01-29,,0.0,-4.807906
2006-02-05,,0.20109536,-3.290412
2006-02-12,,0.0,0.5955104
2006-02-19,,0.0018586913,2.094239
2006-02-26,,0.35053027,0.17065507
2006-03-05,,1.3304173,-0.9587401
2006-03-12,2.99,0.0,-5.493618
2006-03-19,2.97,0.0008823692,0.76762867
2006-03-26,3.05,8.81809,11.043513
2006-04-02,,4.0981483,7.4567738
2006-04-09,,0.1239436,5.5087667
2006-04-16,,2.2448933,9.870151
2006-04-23,,0.030078454,8.342309
2006-04-30,,1.0475755,5.9788876
2006-05-07,,0.0,17.31546
2006-05-14,,0.0,10.213139
2006-05-21,,2.6057081,12.5854845
2006-05-28,,2.095069,11.594224
2006-06-04,2.9,0.0,10.080364
2006-06-11,2.86,0.0,20.967402
2006-06-18,2.83,0.4438833,17.66136
2006-06-25,,16.695461,21.571383
2006-07-02,,0.0,22.375906
2006-07-09,,2.0387087,20.958359
2006-07-16,,0.0,20.48101
2006-07-23,,0.0,22.64765
2006-07-30,,9.042849,22.089483
2006-08-06,2.57,0.0,20.3366
2006-08-13,2.54,3.7720478,15.096069
2006-08-20,2.59,5.846688,17.099102
2006-08-27,2.69,10.065449,14.912942
2006-09-03,2.82,3.2630813,19.183033
2006-09-10,2.84,0.0,15.881125
2006-09-17,2.81,0.0,19.193254
2006-09-24,2.78,0.0,17.191967
2006-10-01,2.76,1.4242706,14.434843
2006-10-08,2.74,0.0,12.139287
2006-10-15,2.73,0.0,9.328696
2006-10-22,2.72,2.609039,14.334597
2006-10-29,2.74,0.8608762,12.804265
2006-11-05,2.78,0.14430489,10.864312
2006-11-12,2.86,5.28499,6.1426764
2006-11-19,2.96,8.628541,3.6295984
2006-11-26,3.03,0.0,9.996678
2006-12-03,3.0,1.0562005,9.559449
2006-12-10,3.05,0.2757723,3.1422777
2006-12-17,3.05,2.0016758,3.2555857
2006-12-24,3.02,0.16871183,5.8339186
2006-12-31,3.08,2.5667655,9.066012
2007-01-07,3.2,0.7731302,5.7592697
2007-01-14,3.22,0.016991563,7.1490893
2007-01-21,3.47,8.503783,5.2157474
2007-01-28,3.45,7.9738975,5.4703827
2007-02-04,3.35,0.0,5.141611
2007-02-11,3.25,3.5149076,-0.018836234
2007-02-18,3.34,0.007928445,3.4089575
2007-02-25,3.3,14.918819,7.291151
2007-03-04,3.48,0.0,5.506933
2007-03-11,3.39,0.0,8.998659
2007-03-18,3.33,7.707053,6.388988
2007-03-25,3.26,0.0,9.860948
2007-04-01,3.1,0.0,10.728443
2007-04-08,3.05,0.0,10.6646185
2007-04-15,3.01,0.0,17.556038
2007-04-22,2.98,0.0,11.411555
2007-04-29,2.95,0.0,11.119669
2007-05-06,2.92,2.7144792,13.063292
2007-05-13,3.06,2.5772164,15.296947
2007-05-20,3.03,0.0,15.215432
2007-05-27,2.99,2.8948226,16.235342
2007-06-03,2.97,0.0,16.120623
2007-06-10,2.95,0.040466208,22.401636
2007-06-17,2.97,1.6446748,15.791321
2007-06-24,2.97,0.2941876,17.446417
2007-07-01,3.0,9.995379,18.334908
2007-07-08,3.11,0.66468185,16.216236
2007-07-15,3.13,0.004617098,22.636278
2007-07-22,3.01,4.183626,16.572319
2007-07-29,3.07,4.8320713,13.318822
2007-08-05,3.0,0.0018895412,20.898775
2007-08-12,2.95,0.03140456,16.955345
2007-08-19,2.92,1.5788478,16.788374
2007-08-26,2.91,0.0018895412,16.764559
2007-09-02,2.93,13.49075,15.337799
2007-09-09,2.96,2.559611,13.64316
2007-09-16,2.96,0.0,14.483944
2007-09-23,2.93,0.0,15.147241
2007-09-30,3.03,0.5442622,12.12239
2007-10-07,3.03,0.1438013,8.294004
2007-10-14,3.01,0.0,8.3294935
2007-10-21,3.06,0.120283484,7.0715437
2007-10-28,3.11,3.0668194,8.205999
2007-11-04,3.17,0.054693934,7.9294434
2007-11-11,3.41,10.015011,3.8875394
2007-11-18,3.37,0.0,4.898285
2007-11-25,3.29,6.19394,4.947178
2007-12-02,3.38,15.8874445,7.8748226
2007-12-09,3.47,1.5256697,5.9312162
2007-12-16,3.39,0.0,-1.9727213
2007-12-23,3.26,6.5262265,-0.0009267579
2007-12-30,3.18,1.7060713,4.6926446
2008-01-06,2.9,1.2850052,3.4327648
2008-01-13,2.88,0.0,3.4559824
2008-01-20,3.38,19.728252,9.326928
2008-01-27,3.68,3.0699015,8.01169
2008-02-03,3.54,0.0,2.2532508
2008-02-10,3.46,0.0,4.431444
2008-02-17,3.28,0.0,-0.14702743
2008-02-24,3.18,5.1609173,8.977165
2008-03-02,3.38,1.4483191,7.572354
2008-03-09,3.26,0.015387299,8.284264
2008-03-16,3.29,5.5948606,5.139664
2008-03-23,3.39,8.4760795e-06,-0.8515249
2008-03-30,3.26,0.24576725,11.028134
2008-04-06,3.23,0.26489276,3.0054872
2008-04-13,3.15,2.08525,7.250847
2008-04-20,3.11,0.0,8.815126
2008-04-27,3.08,0.0,14.402257
2008-05-04,3.07,0.0,12.939089
2008-05-11,3.04,0.0,18.149702
2008-05-18,3.01,0.0,10.791632
2008-05-25,2.96,2.4049177,13.8412
2008-06-01,2.92,0.0,20.277536
2008-06-08,2.89,0.0,20.73462
2008-06-15,2.86,3.0482767,11.091087
2008-06-22,2.825,7.2679815,20.833271
2008-06-29,2.79,0.0,17.931581
2008-07-06,2.79,0.059976622,18.943531
2008-07-13,2.81,0.0,15.587655
2008-07-20,2.83,6.7322803,14.18432
2008-07-27,2.85,0.0,24.146309
2008-08-03,2.89,18.144112,19.202496
2008-08-10,2.94,1.0475354,17.471727
2008-08-17,2.92,0.9380168,16.762697
2008-08-24,2.99,0.86020225,15.280585
2008-08-31,2.97,0.4311868,18.638832
2008-09-07,2.94,2.1235156,16.21656
2008-09-14,2.9,0.0,11.713944
2008-09-21,2.86,0.0018895412,12.280506
2008-09-28,2.85,3.473613,10.6272545
2008-10-05,2.97,16.999268,10.275454
2008-10-12,2.97,0.047761545,11.236688
2008-10-19,3.02,0.0,10.933994
2008-10-26,3.06,8.190773,11.426427
2008-11-02,3.07,0.0,6.660452
2008-11-09,3.15,1.4887015,8.442743
2008-11-16,3.23,1.1399255,7.4951453
2008-11-23,3.31,0.3661201,-0.17737338
2008-11-30,3.29,0.4086455,0.26719016
2008-12-07,3.04,0.25375098,3.976167
2008-12-14,3.01,0.0,2.6866856
2008-12-21,3.0,0.5867698,6.1723003
2008-12-28,2.98,0.0,-0.17385875
2009-01-04,3.01,6.860634,2.4022903
2009-01-11,2.97,0.0,-1.8925707
2009-01-18,3.02,2.5966914,4.122505
2009-01-25,3.11,0.0,1.8967223
2009-02-01,3.03,0.007928445,-1.8466032
2009-02-08,3.01,0.32989547,1.0190989
2009-02-15,3.05,4.089048,-0.25983217
2009-02-22,3.12,1.6926115,5.680464
2009-03-01,3.19,1.0797162,7.995676
2009-03-08,3.1,2.5841868,5.94846
2009-03-15,3.1,4.028595,6.6538033
2009-03-22,3.05,1.5057734,6.877338
2009-03-29,3.18,0.14571542,5.7317805
2009-04-05,3.06,0.0,9.357073
2009-04-12,3.02,0.0,14.891844
2009-04-19,2.99,0.0,10.2344475
2009-04-26,2.99,0.11250489,17.037586
2009-05-03,2.95,0.7451093,11.393781
2009-05-10,2.92,0.0,12.655521
2009-05-17,2.9,0.9135602,13.852572
2009-05-24,2.88,0.0,15.422845
2009-05-31,2.85,0.3929233,17.850538
2009-06-07,2.88,16.176025,11.221432
2009-06-14,2.96,3.1157694,14.621731
2009-06-21,2.96,4.5949817,12.335031
2009-06-28,2.92,0.0,16.765263
2009-07-05,2.89,0.32471925,19.37899
2009-07-12,2.9,4.0476227,15.005629
2009-07-19,2.87,5.838125,15.640797
2009-07-26,2.91,0.0,16.9487
2009-08-02,2.87,0.19265717,18.847916
2009-08-09,2.82,0.71546185,19.675953
2009-08-16,2.77,0.0,19.90579
2009-08-23,2.73,0.0,16.839357
2009-08-30,2.68,0.9014192,13.701366
2009-09-06,2.64,0.03283768,14.766408
2009-09-13,2.6,1.2354467,14.860103
2009-09-20,2.56,0.0,16.03456
2009-09-27,2.52,0.0,11.684968
2009-10-04,2.51,0.8979033,11.322384
2009-10-11,2.59,9.034507,9.867573
2009-10-18,2.6,0.0,3.6076665
2009-10-25,2.61,0.01698137,12.491535
2009-11-01,2.67,27.124435,7.123073
2009-11-08,2.85,0.2280801,6.4083447
2009-11-15,3.03,2.2643526,10.206054
2009-11-22,3.14,0.69918185,11.172655
2009-11-29,3.23,0.33421594,8.768795
2009-12-06,3.1,5.994782,8.193934
2009-12-13,3.19,0.009788899,0.34890956
2009-12-20,3.08,1.7329402,-8.043344
2009-12-27,3.18,2.1510346,3.7021964
2010-01-03,3.115,0.11880043,-5.7711873
2010-01-10,3.05,2.144129,0.11586915
2010-01-17,3.03,1.4438914,-1.0710362
2010-01-24,3.06,0.17499596,-7.5977225
2010-01-31,3.02,1.4861921,0.13583194
2010-02-07,3.03,0.0,-5.7574964
2010-02-14,3.0,0.0,-4.42753
2010-02-21,3.04,2.496383,0.06602183
2010-02-28,3.34,11.059226,5.512317
2010-03-07,3.33,0.22938916,-3.7672625
2010-03-14,3.22,2.4366436,4.36104
2010-03-21,3.36,3.0197825,8.677751
2010-03-28,3.36,2.6200287,7.66877
2010-04-04,3.23,1.9530326,8.935332
2010-04-11,3.1,0.08112884,6.1190677
2010-04-18,3.04,0.0,9.773533
2010-04-25,3.01,0.52327657,15.387628
2010-05-02,3.01,4.2755527,9.911521
2010-05-09,3.01,0.0,8.088864
2010-05-16,2.99,0.0,11.0362015
2010-05-23,2.96,2.931493,15.770725
2010-05-30,2.98,16.090221,13.29103
2010-06-06,2.95,7.9817986,18.975716
2010-06-13,2.93,0.0,12.903296
2010-06-20,2.9,0.11375736,11.854298
2010-06-27,2.86,0.0,19.545103
2010-07-04,2.81,0.0,21.641882
2010-07-11,2.75,0.37066448,25.550589
2010-07-18,2.72,0.0,17.629929
2010-07-25,2.68,0.0602587,15.724228
2010-08-01,2.66,1.9638271,20.34609
2010-08-08,2.65,7.1307406,18.6086
2010-08-15,2.65,14.065858,18.976995
2010-08-22,2.61,3.0350258,20.218163
2010-08-29,2.69,11.509271,12.488886
2010-09-05,2.7,0.0,12.446392
2010-09-12,2.71,1.6244228,15.5953865
2010-09-19,2.79,3.511652,11.375323
2010-09-26,2.86,20.947412,9.930211
2010-10-03,2.88,0.072692856,15.723843
2010-10-10,2.9,0.0,8.452196
2010-10-17,2.92,0.0,5.170288
2010-10-24,2.98,6.7211137,7.1807623
2010-10-31,3.03,2.3851602,7.743332
2010-11-07,3.26,0.0,3.0439615
2010-11-14,3.14,4.0862255,11.350159
2010-11-21,3.13,0.0,6.0173984
2010-11-28,3.15,0.0,-4.2880235
2010-12-05,3.14,0.62112105,1.0258318
2010-12-12,3.3,0.022829764,0.61847806
2010-12-19,3.2,1.5046055,-8.763874
2010-12-26,3.22,0.12949932,-4.162513
2011-01-02,3.24,0.32483456,1.2092137
2011-01-09,3.39,0.0126463305,4.2513137
2011-01-16,3.39,0.0,9.062936
2011-01-23,3.28,0.020966109,1.8620118
2011-01-30,3.18,0.0,-2.3890257
2011-02-06,3.265,3.9531958,9.455997
2011-02-13,3.35,0.01516829,0.5769965
2011-02-20,3.2,0.0,-2.5392065
2011-02-27,3.1,0.45517403,1.3507268
2011-03-06,3.03,0.0,1.2218707
2011-03-13,3.03,0.38252443,10.566695
2011-03-20,3.0,0.0,4.3001194
2011-03-27,2.99,0.0,2.5446737
2011-04-03,2.97,4.445202,11.422027
2011-04-10,2.98,0.0,9.2494335
2011-04-17,3.0,0.0,11.015477
2011-04-24,2.95,0.0,16.49568
2011-05-01,2.92,0.0,9.884403
2011-05-08,2.89,0.0,18.71565
2011-05-15,2.86,2.9604945,10.30643
2011-05-22,2.87,1.3035079,16.130348
2011-05-29,2.84,0.018442402,15.145225
2011-06-05,2.81,0.7219526,22.125376
2011-06-12,2.8,0.0,14.01625
2011-06-19,2.79,9.666273,12.644559
2011-06-26,2.81,0.07287852,18.676369
2011-07-03,2.79,0.3631311,13.950822
2011-07-10,2.75,0.0,18.431786
2011-07-17,2.76,0.5652829,17.319956
2011-07-24,2.77,8.697773,12.608767
2011-07-31,2.76,0.5853107,15.229767
2011-08-07,2.77,1.70941,17.134819
2011-08-14,2.93,13.987131,17.537268
2011-08-21,2.97,2.4262028,19.675617
2011-08-28,3.04,3.0140119,13.578682
2011-09-04,3.03,1.8350389,19.959259
2011-09-11,3.12,0.57402945,18.85768
2011-09-18,3.03,1.2711731,12.718018
2011-09-25,2.96,0.0,14.087646
2011-10-02,2.975,0.004567885,15.219517
2011-10-09,2.99,6.6160035,6.88302
2011-10-16,3.18,0.0,6.840849
2011-10-23,3.13,0.0,5.8515215
2011-10-30,3.05,0.0,12.918359
2011-11-06,2.97,0.0,6.8805842
2011-11-13,2.94,0.0,-0.8288977
2011-11-20,2.94,0.0,2.9055872
2011-11-27,2.92,2.008667,9.490385
2011-12-04,2.99,4.7778506,6.1884747
2011-12-11,3.18,0.021518402,2.5731251
2011-12-18,3.34,6.8871655,1.6943331
2011-12-25,3.36,0.23858207,7.4040775
2012-01-01,3.35,9.235205,10.476548
2012-01-08,3.49,2.246258,5.8049717
2012-01-15,3.43,0.031193359,-1.0294694
2012-01-22,3.5,10.43809,4.724507
2012-01-29,3.42,0.026109355,-3.5782018
2012-02-05,3.12,0.0,-9.657013
2012-02-12,3.02,0.22475767,-3.579623
2012-02-19,3.07,1.1331687,2.220315
2012-02-26,3.13,0.04936025,4.5913477
2012-03-04,3.07,0.80318713,6.853566
2012-03-11,3.05,0.009911054,7.6540127
2012-03-18,3.0,0.048353266,7.7676187
2012-03-25,2.99,0.0,7.352541
2012-04-01,2.97,0.9893714,4.1385193
2012-04-08,2.94,1.2562771,3.1563675
2012-04-15,2.94,0.016576037,6.7444606
2012-04-22,2.98,5.057407,6.536022
2012-04-29,2.94,0.0,13.672407
2012-05-06,2.95,1.5477221,6.8961654
2012-05-13,2.94,0.0067132693,8.086901
2012-05-20,2.92,0.60770935,17.580353
2012-05-27,2.87,0.11084564,19.052206
2012-06-03,2.87,1.0447823,8.660771
2012-06-10,2.89,0.74187976,14.361018
2012-06-17,2.85,0.051738795,16.031595
2012-06-24,2.87,20.307793,13.440335
2012-07-01,2.87,3.5454602,16.957891
2012-07-08,2.88,4.8768015,18.189959
2012-07-15,2.89,0.5305146,14.549748
2012-07-22,2.95,0.0,14.6345215
2012-07-29,2.92,1.1640986,16.184715
2012-08-05,2.9,6.0539303,18.649073
2012-08-12,2.88,0.0,16.755547
2012-08-19,2.83,0.45849112,26.678272
2012-08-26,2.8,3.6761906,15.886149
2012-09-02,2.76,0.0,14.976973
2012-09-09,2.72,0.0,19.353643
2012-09-16,2.7,0.0,14.769082
2012-09-23,2.66,8.965787,9.791699
2012-09-30,2.66,0.0,11.169769
2012-10-07,2.81,1.4002459,9.092754
2012-10-14,2.85,0.016574817,8.372486
2012-10-21,2.87,0.0,15.325629
2012-10-28,2.89,0.0,1.552813
2012-11-04,2.94,3.6406364,5.952997
2012-11-11,2.99,0.0,8.286457
2012-11-18,2.99,4.7402034,6.568017
2012-11-25,3.03,0.4293696,9.075207
2012-12-02,3.08,2.4600453,1.4988408
2012-12-09,3.17,9.700901,1.4152238
2012-12-16,3.22,0.75040203,6.4006243
2012-12-23,3.22,11.110976,4.864229
2012-12-30,3.18,4.026764,7.2936954
2013-01-06,3.14,0.81154627,7.1414814
2013-01-13,3.14,0.472182,-1.9144957
2013-01-20,3.07,0.6811618,-4.96649
2013-01-27,3.05,4.302121,1.8355756
2013-02-03,3.32,5.989012,2.8205152
2013-02-10,3.3,0.0,-2.4931836
2013-02-17,3.17,0.0,1.6125507
2013-02-24,3.11,0.64036155,0.4902097
2013-03-03,3.07,0.0,2.917256
2013-03-10,3.07,0.6561281,-1.9477931
2013-03-17,3.08,5.2653427,0.6815282
2013-03-24,3.05,0.0,-2.3619616
2013-03-31,3.03,0.0,0.8895125
2013-04-07,3.01,0.0,2.231486
2013-04-14,3.03,0.008300834,12.170768
2013-04-21,3.0,0.005468409,9.681915
2013-04-28,3.0,0.0,6.314535
2013-05-05,3.0,0.0,13.374355
2013-05-12,2.97,2.1988692,9.876561
2013-05-19,3.01,0.15656094,11.626797
2013-05-26,3.16,11.747868,10.9050865
2013-06-02,3.12,0.0,10.917385
2013-06-09,3.0,0.0,13.512569
2013-06-16,2.97,0.008300834,15.2172985
2013-06-23,3.06,2.7528148,15.450405
2013-06-30,3.05,0.084389895,13.296054
2013-07-07,2.98,0.009911054,18.751478
2013-07-14,2.93,0.065994754,15.232326
2013-07-21,2.89,0.0,21.923813
2013-07-28,2.88,0.008300834,21.583197
2013-08-04,2.85,0.0,20.239502
2013-08-11,2.82,2.9677627,16.28877
2013-08-18,2.79,6.1106663,18.124855
2013-08-25,2.8,0.0,19.365746
2013-09-01,2.76,0.29323572,13.982504
2013-09-08,2.73,1.4631132,15.028002
2013-09-15,2.76,5.7033124,13.352533
2013-09-22,2.76,0.007928445,15.154475
2013-09-29,2.76,0.0,10.220517
2013-10-06,2.72,0.004591981,13.094995
2013-10-13,2.74,0.0,8.164149
2013-10-20,2.77,5.527115,15.47772
2013-10-27,2.79,4.359785,14.38911
2013-11-03,2.82,2.839389,9.094851
2013-11-10,3.02,1.6235183,5.6464024
2013-11-17,3.07,0.9690207,6.803599
2013-11-24,3.06,0.056170866,2.9183156
2013-12-01,3.08,0.25471488,6.1158657
2013-12-08,3.19,10.521111,7.074255
2013-12-15,3.19,0.9627135,6.6621356
2013-12-22,3.07,2.1094933,7.821739
2013-12-29,3.15,0.54379934,5.5337787
2014-01-05,3.11,0.9850393,4.731379
2014-01-12,3.15,0.013032053,2.747963
2014-01-19,3.18,0.024910353,3.4452057
2014-01-26,3.12,3.2079103,-8.683235
2014-02-02,3.08,0.019174756,3.5849326
2014-02-09,3.14,0.2385227,6.4094462
2014-02-16,3.09,0.19310209,5.930399
2014-02-23,3.06,0.0,5.412891
2014-03-02,3.06,0.024132201,4.0789843
2014-03-09,3.03,0.0,11.206065
2014-03-16,3.02,0.22092217,9.400547
2014-03-23,3.03,0.62137806,4.8380466
2014-03-30,3.01,0.0,10.762348
2014-04-06,2.99,2.6137457,12.357603
2014-04-13,2.99,4.0978813,10.06632
2014-04-20,3.0,3.5753849,14.297604
2014-04-27,3.06,0.55958414,15.21133
2014-05-04,3.0,0.0008908452,7.4853787
2014-05-11,3.06,5.4943147,10.574875
2014-05-18,3.08,1.8063253,14.485394
2014-05-25,3.04,0.018211888,16.804926
2014-06-01,3.08,0.0,11.641229
2014-06-08,3.02,11.341566,20.114716
2014-06-15,3.01,0.0,15.68122
2014-06-22,2.97,0.13477238,13.731078
2014-06-29,2.96,2.1537633,14.851637
2014-07-06,2.94,4.027793,22.359993
2014-07-13,3.06,30.450558,16.713099
2014-07-20,2.97,6.8339458,24.323418
2014-07-27,2.94,0.0033503652,20.978195
2014-08-03,2.9,0.07570629,21.73707
2014-08-10,2.9,7.335802,19.621952
2014-08-17,2.85,5.5330505,14.870983
2014-08-24,2.82,1.388695,11.738922
2014-08-31,2.79,3.633057,14.429232
2014-09-07,2.86,0.008923947,17.31597
2014-09-14,2.82,0.61023974,16.619839
2014-09-21,2.78,3.9679315,15.502843
2014-09-28,2.77,0.0,13.311284
2014-10-05,2.77,0.0,13.007826
2014-10-12,2.74,4.2692814,12.989941
2014-10-19,2.74,6.70162,16.732782
2014-10-26,2.8,0.007928445,11.593006
2014-11-02,2.82,2.461236,12.961927
2014-11-09,2.85,0.4432838,7.5183115
2014-11-16,2.9,6.6447945,8.882213
2014-11-23,2.92,4.7131834,8.249903
2014-11-30,2.95,0.0,-0.3564902
2014-12-07,2.97,3.2920275,4.2199345
2014-12-14,3.06,0.14175022,2.7802932
2014-12-21,3.24,1.7337804,6.035922
2014-12-28,3.23,0.9677545,-2.2027235
2015-01-04,3.14,0.7331288,3.5982523
2015-01-11,3.3,8.242365,4.5101852
2015-01-18,3.35,3.022345,1.3076303
2015-01-25,3.26,1.2267877,1.4610677
2015-02-01,3.29,0.20493598,0.8881601
2015-02-08,3.19,0.35707453,3.1805522
2015-02-15,3.15,0.0,1.8193259
2015-02-22,3.16,2.1802838,2.9657018
2015-03-01,3.21,5.010198,5.352465
2015-03-08,3.18,0.0,9.928102
2015-03-15,3.12,0.07688424,5.3113713
2015-03-22,3.1,0.0,2.4305916
2015-03-29,3.18,16.721457,8.965222
2015-04-05,3.27,0.052624054,4.3298197
2015-04-12,3.14,0.58584535,9.922897
2015-04-19,3.06,0.0,8.467313
2015-04-26,3.04,8.675959,10.05191
2015-05-03,3.03,4.1496124,12.121622
2015-05-10,,0.0,11.364071
2015-05-17,,0.18259591,10.149784
2015-05-24,,0.031340677,11.407774
2015-05-31,,3.7857132,12.760516
2015-06-07,,0.0,13.61561
2015-06-14,,0.028618494,14.422792
2015-06-21,,5.6435804,13.903566
2015-06-28,,1.1129891,16.115934
2015-07-05,,3.1502235,21.712038
2015-07-12,,9.775755,16.666483
2015-07-19,,6.032051,14.237617
2015-07-26,,1.2779187,15.455992
2015-08-02,,0.0,16.999321
2015-08-09,,0.0,17.84335
2015-08-16,,2.034049,19.782295
2015-08-23,,0.5135155,18.82518
2015-08-30,,5.854591,18.089653
2015-09-06,,6.0001903,12.865761
2015-09-13,,2.6422675,17.21267
2015-09-20,,3.4568148,12.266393
2015-09-27,,0.014999302,10.369583
2015-10-04,,0.0,11.132625
2015-10-11,,0.0,5.110091
2015-10-18,,2.134883,7.683548
2015-10-25,,0.13799077,10.023726
2015-11-01,,0.05850516,6.8719473
2015-11-08,,3.3153484,12.785895
2015-11-15,,24.132927,11.946765
2015-11-22,,2.5027094,1.0138268
2015-11-29,,7.601726,8.303526
2015-12-06,,1.4595182,9.499018
2015-12-13,,0.05616583,5.358929
2015-12-20,,0.8676205,11.413746
2015-12-27,,1.8953569,10.896536
